stem,source,split,has_debris
H11833_000104,f6,train,1
E4_TGT011_2_04,f6,train,1
H11833_000123,f6,train,1
E3_H11833_TGT003_0006,f6,train,1
E3_H11833_TGT015_0008,f6,train,1
H11833_000121,f6,train,1
E4_TGT007_2_03,f6,train,1
E4_TGT001_1_09,f6,train,1
E3_H11833_TGT010_0018,f6,train,1
E4_TGT017_2_03,f6,train,1
E3_H11833_TGT017_0005,f6,train,1
E4_TGT016_2_01,f6,train,1
E3_H11833_TGT006_0013,f6,train,1
E3_H11833_TGT002_0007,f6,train,1
E4_TGT013_1_06,f6,train,1
E3_H11833_TGT010_0007,f6,train,1
E3_H11833_TGT015_0007,f6,train,1
E3_H11833_TGT017_0009,f6,train,1
E3_H11833_TGT017_0011,f6,train,1
E4_TGT004_1_06,f6,train,1
H11833_000057,f6,train,1
E3_H11833_TGT005_0002,f6,train,1
E3_H11833_TGT007_0014,f6,train,1
E4_TGT009_2_02,f6,train,1
E4_TGT006_1_01,f6,train,1
E3_H11833_TGT010_0005,f6,train,1
E3_H11833_TGT013_0011,f6,train,1
H11833_000035,f6,train,1
E3_H11833_TGT013_0017,f6,train,1
E3_H11833_TGT001_0013,f6,train,1
E3_H11833_TGT011_0016,f6,train,1
E4_TGT004_2_04,f6,train,1
E4_TGT004_2_03,f6,train,1
E4_TGT008_2_04,f6,train,1
E3_H11833_TGT003_0007,f6,train,1
H11833_000119,f6,train,1
E4_TGT008_2_06,f6,train,1
E4_TGT001_1_02,f6,train,1
E3_H11833_TGT017_0007,f6,train,1
E4_TGT010_1_06,f6,train,1
E4_TGT001_1_06,f6,train,1
E4_TGT010_1_07,f6,train,1
E4_TGT001_1_08,f6,train,1
E3_H11833_TGT006_0004,f6,train,1
E3_H11833_TGT013_0004,f6,train,1
E3_H11833_TGT016_0004,f6,train,1
E3_H11833_TGT001_0011,f6,train,1
E4_TGT007_1_01,f6,train,1
H11833_000046,f6,train,1
E4_TGT001_1_05,f6,train,1
E3_H11833_TGT015_0014,f6,train,1
E3_H11833_TGT012_0004,f6,train,1
E4_TGT007_2_06,f6,train,1
H11833_000078,f6,train,1
E3_H11833_TGT001_0010,f6,train,1
H11833_000115,f6,train,1
E3_H11833_TGT006_0009,f6,train,1
H11833_000011,f6,train,1
E4_TGT012_1_05,f6,train,1
H11833_000122,f6,train,1
E4_TGT017_2_08,f6,train,1
E4_TGT011_1_04,f6,train,1
E3_H11833_TGT007_0018,f6,train,1
E4_TGT004_1_08,f6,train,1
E4_TGT006_2_01,f6,train,1
E4_TGT007_1_08,f6,train,1
E4_TGT016_2_09,f6,train,1
E3_H11833_TGT005_0008,f6,train,1
E4_TGT002_1_08,f6,train,1
E3_H11833_TGT011_0001,f6,train,1
H11833_000015,f6,train,1
E4_TGT015_1_06,f6,train,1
E3_H11833_TGT014_0011,f6,train,1
H11833_000053,f6,train,1
E3_H11833_TGT004_0016,f6,train,1
H11833_000013,f6,train,1
H11833_000025,f6,train,1
E3_H11833_TGT010_0001,f6,train,1
E3_H11833_TGT006_0007,f6,train,1
E4_TGT007_2_04,f6,train,1
E4_TGT006_2_08,f6,train,1
E4_TGT015_1_09,f6,train,1
E3_H11833_TGT015_0001,f6,train,1
E3_H11833_TGT011_0011,f6,train,1
H11833_000041,f6,train,1
E3_H11833_TGT016_0003,f6,train,1
E3_H11833_TGT017_0008,f6,train,1
E4_TGT004_1_03,f6,train,1
E4_TGT012_2_01,f6,train,1
H11833_000113,f6,train,1
E4_TGT013_2_01,f6,train,1
E3_H11833_TGT001_0014,f6,train,1
E3_H11833_TGT007_0011,f6,train,1
E4_TGT014_1_04,f6,train,1
H11833_000058,f6,train,1
H11833_000009,f6,train,1
E3_H11833_TGT007_0006,f6,train,1
E4_TGT004_1_02,f6,train,1
E4_TGT001_2_06,f6,train,1
E4_TGT017_1_05,f6,train,1
E4_TGT016_1_06,f6,train,1
E3_H11833_TGT006_0003,f6,train,1
E4_TGT007_1_09,f6,train,1
E3_H11833_TGT014_0014,f6,train,1
E4_TGT013_1_07,f6,train,1
E3_H11833_TGT009_0007,f6,train,1
E4_TGT001_1_03,f6,train,1
E3_H11833_TGT002_0004,f6,train,1
E3_H11833_TGT004_0011,f6,train,1
E3_H11833_TGT004_0003,f6,train,1
H11833_000110,f6,train,1
E3_H11833_TGT016_0007,f6,train,1
E3_H11833_TGT003_0010,f6,train,1
E3_H11833_TGT015_0005,f6,train,1
E3_H11833_TGT012_0009,f6,train,1
H11833_000021,f6,train,1
E3_H11833_TGT001_0004,f6,train,1
H11833_000038,f6,train,1
E3_H11833_TGT016_0010,f6,train,1
E3_H11833_TGT017_0003,f6,train,1
E4_TGT008_2_01,f6,train,1
E4_TGT015_2_05,f6,train,1
E3_H11833_TGT016_0017,f6,train,1
E3_H11833_TGT015_0010,f6,train,1
E4_TGT014_2_08,f6,train,1
E3_H11833_TGT010_0012,f6,train,1
E3_H11833_TGT015_0012,f6,train,1
E4_TGT017_1_04,f6,train,1
H11833_000033,f6,train,1
E3_H11833_TGT002_0011,f6,train,1
H11833_000062,f6,train,1
E4_TGT014_1_01,f6,train,1
H11833_000028,f6,train,1
E4_TGT005_1_09,f6,train,1
E3_H11833_TGT010_0011,f6,train,1
E4_TGT002_2_03,f6,train,1
H11833_000124,f6,train,1
E4_TGT017_2_06,f6,train,1
E4_TGT016_1_03,f6,train,1
E4_TGT004_2_09,f6,train,1
E4_TGT001_2_05,f6,train,1
E3_H11833_TGT002_0005,f6,train,1
E3_H11833_TGT004_0006,f6,train,1
E4_TGT010_2_07,f6,train,1
H11833_000052,f6,train,1
E4_TGT005_2_01,f6,train,1
E4_TGT002_1_06,f6,train,1
E3_H11833_TGT007_0009,f6,train,1
E3_H11833_TGT016_0015,f6,train,1
E3_H11833_TGT002_0018,f6,train,1
E3_H11833_TGT017_0010,f6,train,1
E3_H11833_TGT010_0006,f6,train,1
E3_H11833_TGT016_0009,f6,train,1
E3_H11833_TGT008_0006,f6,train,1
E3_H11833_TGT017_0018,f6,train,1
H11833_000091,f6,train,1
E4_TGT017_2_09,f6,train,1
E3_H11833_TGT014_0016,f6,train,1
E3_H11833_TGT015_0006,f6,train,1
H11833_000085,f6,train,1
E3_H11833_TGT012_0016,f6,train,1
E4_TGT007_2_07,f6,train,1
E4_TGT016_1_08,f6,train,1
E4_TGT004_2_02,f6,train,1
H11833_000088,f6,train,1
E4_TGT002_1_07,f6,train,1
E3_H11833_TGT013_0015,f6,train,1
E4_TGT003_1_03,f6,train,1
H11833_000060,f6,train,1
E4_TGT016_2_03,f6,train,1
E4_TGT013_2_06,f6,train,1
E3_H11833_TGT017_0014,f6,train,1
E3_H11833_TGT017_0002,f6,train,1
H11833_000097,f6,train,1
E3_H11833_TGT015_0015,f6,train,1
E3_H11833_TGT006_0014,f6,train,1
E3_H11833_TGT010_0014,f6,train,1
E4_TGT015_1_02,f6,train,1
E3_H11833_TGT002_0002,f6,train,1
E3_H11833_TGT001_0008,f6,train,1
E4_TGT010_2_03,f6,train,1
E4_TGT006_2_02,f6,train,1
E3_H11833_TGT017_0004,f6,train,1
E3_H11833_TGT001_0015,f6,train,1
E4_TGT008_2_09,f6,train,1
E3_H11833_TGT012_0003,f6,train,1
E4_TGT007_1_03,f6,train,1
H11833_000112,f6,train,1
E4_TGT005_2_09,f6,train,1
E4_TGT012_1_02,f6,train,1
E4_TGT003_1_05,f6,train,1
E4_TGT012_1_06,f6,train,1
E4_TGT007_2_08,f6,train,1
E4_TGT011_1_03,f6,train,1
E4_TGT010_2_08,f6,train,1
E4_TGT003_2_01,f6,train,1
E3_H11833_TGT013_0005,f6,train,1
E3_H11833_TGT003_0009,f6,train,1
E4_TGT001_1_04,f6,train,1
E4_TGT016_2_07,f6,train,1
E3_H11833_TGT011_0008,f6,train,1
H11833_000030,f6,train,1
E4_TGT002_2_07,f6,train,1
H11833_000098,f6,train,1
E3_H11833_TGT011_0003,f6,train,1
H11833_000076,f6,train,1
E4_TGT016_2_02,f6,train,1
E3_H11833_TGT015_0017,f6,train,1
E3_H11833_TGT004_0015,f6,train,1
E4_TGT011_1_05,f6,train,1
E4_TGT004_1_07,f6,train,1
E4_TGT014_1_08,f6,train,1
E4_TGT003_1_04,f6,train,1
H11833_000001,f6,train,1
E3_H11833_TGT015_0003,f6,train,1
E3_H11833_TGT012_0013,f6,train,1
E4_TGT016_2_06,f6,train,1
E3_H11833_TGT011_0002,f6,train,1
E4_TGT008_2_08,f6,train,1
E4_TGT010_1_09,f6,train,1
E3_H11833_TGT010_0013,f6,train,1
E3_H11833_TGT007_0001,f6,train,1
H11833_000079,f6,train,1
E4_TGT011_1_02,f6,train,1
E3_H11833_TGT002_0014,f6,train,1
E3_H11833_TGT008_0008,f6,train,1
E3_H11833_TGT010_0017,f6,train,1
E3_H11833_TGT016_0013,f6,train,1
E4_TGT007_2_01,f6,train,1
E4_TGT005_1_05,f6,train,1
H11833_000071,f6,train,1
E3_H11833_TGT011_0004,f6,train,1
E3_H11833_TGT002_0013,f6,train,1
E4_TGT015_1_01,f6,train,1
E4_TGT011_1_06,f6,train,1
E4_TGT003_1_01,f6,train,1
E4_TGT011_1_08,f6,train,1
H11833_000114,f6,train,1
H11833_000048,f6,train,1
E4_TGT006_1_06,f6,train,1
E4_TGT009_2_07,f6,train,1
E4_TGT003_1_06,f6,train,1
E4_TGT007_1_02,f6,train,1
H11833_000049,f6,train,1
E4_TGT003_2_03,f6,train,1
E4_TGT003_2_07,f6,train,1
E3_H11833_TGT011_0010,f6,train,1
E4_TGT003_1_08,f6,train,1
H11833_000051,f6,train,1
E4_TGT013_2_07,f6,train,1
E4_TGT015_2_04,f6,train,1
E4_TGT009_2_03,f6,train,1
E3_H11833_TGT009_0005,f6,train,1
H11833_000089,f6,train,1
H11833_000056,f6,train,1
E3_H11833_TGT011_0017,f6,train,1
E4_TGT003_2_06,f6,train,1
E4_TGT005_1_08,f6,train,1
E3_H11833_TGT003_0017,f6,train,1
E4_TGT015_1_05,f6,train,1
E3_H11833_TGT012_0008,f6,train,1
E4_TGT007_1_04,f6,train,1
E3_H11833_TGT010_0016,f6,train,1
E4_TGT005_2_03,f6,train,1
E4_TGT012_2_09,f6,train,1
E3_H11833_TGT016_0011,f6,train,1
E3_H11833_TGT009_0003,f6,train,1
E4_TGT003_2_08,f6,train,1
E3_H11833_TGT011_0014,f6,train,1
E3_H11833_TGT014_0007,f6,train,1
E4_TGT013_1_05,f6,train,1
E4_TGT009_2_08,f6,train,1
E3_H11833_TGT004_0017,f6,train,1
E3_H11833_TGT005_0006,f6,train,1
E4_TGT003_1_02,f6,train,1
H11833_000016,f6,train,1
E3_H11833_TGT005_0009,f6,train,1
H11833_000004,f6,train,1
E3_H11833_TGT005_0004,f6,train,1
E4_TGT015_1_04,f6,train,1
E3_H11833_TGT004_0009,f6,train,1
E4_TGT007_2_09,f6,train,1
E4_TGT016_1_07,f6,train,1
E3_H11833_TGT009_0008,f6,train,1
E4_TGT005_2_04,f6,train,1
E3_H11833_TGT007_0008,f6,train,1
E4_TGT005_2_02,f6,train,1
E3_H11833_TGT003_0008,f6,train,1
E4_TGT006_2_04,f6,train,1
E3_H11833_TGT001_0005,f6,train,1
E3_H11833_TGT013_0007,f6,train,1
E4_TGT012_2_08,f6,train,1
H11833_000040,f6,train,1
E4_TGT007_1_06,f6,train,1
E3_H11833_TGT001_0018,f6,train,1
E4_TGT008_2_05,f6,train,1
E3_H11833_TGT017_0015,f6,train,1
H11833_000109,f6,train,1
E4_TGT014_2_05,f6,train,1
E4_TGT001_2_02,f6,train,1
E3_H11833_TGT003_0002,f6,train,1
E4_TGT002_1_01,f6,train,1
E3_H11833_TGT013_0008,f6,train,1
E3_H11833_TGT002_0015,f6,train,1
E3_H11833_TGT014_0008,f6,train,1
E4_TGT001_2_04,f6,train,1
E4_TGT013_2_04,f6,train,1
E3_H11833_TGT002_0012,f6,train,1
E3_H11833_TGT008_0007,f6,train,1
H11833_000092,f6,train,1
H11833_000103,f6,train,1
E3_H11833_TGT004_0018,f6,train,1
E4_TGT003_1_09,f6,train,1
E3_H11833_TGT016_0018,f6,train,1
E3_H11833_TGT005_0007,f6,train,1
H11833_000095,f6,train,1
E3_H11833_TGT012_0014,f6,train,1
H11833_000068,f6,train,1
E3_H11833_TGT011_0009,f6,train,1
E4_TGT016_1_05,f6,train,1
E4_TGT017_1_01,f6,train,1
H11833_000087,f6,train,1
E4_TGT016_1_09,f6,train,1
E4_TGT005_1_01,f6,train,1
E3_H11833_TGT014_0017,f6,train,1
E3_H11833_TGT002_0010,f6,train,1
H11833_000064,f6,train,1
E3_H11833_TGT001_0006,f6,train,1
E3_H11833_TGT009_0002,f6,train,1
E3_H11833_TGT003_0011,f6,train,1
E3_H11833_TGT001_0001,f6,train,1
H11833_000024,f6,train,1
E4_TGT012_2_03,f6,train,1
E3_H11833_TGT014_0012,f6,train,1
E3_H11833_TGT010_0004,f6,train,1
H11833_000073,f6,train,1
E4_TGT008_2_03,f6,train,1
E4_TGT014_1_03,f6,train,1
H11833_000023,f6,train,1
H11833_000061,f6,train,1
E4_TGT006_2_05,f6,train,1
E3_H11833_TGT006_0010,f6,train,1
E3_H11833_TGT008_0001,f6,train,1
E4_TGT003_1_07,f6,train,1
H11833_000080,f6,train,1
E3_H11833_TGT003_0012,f6,train,1
H11833_000075,f6,train,1
E4_TGT012_2_04,f6,train,1
E4_TGT011_2_06,f6,train,1
E3_H11833_TGT014_0010,f6,train,1
E3_H11833_TGT004_0007,f6,train,1
E3_H11833_TGT011_0006,f6,train,1
E4_TGT006_1_09,f6,train,1
E4_TGT001_2_09,f6,train,1
E3_H11833_TGT015_0004,f6,train,1
E4_TGT004_2_05,f6,train,1
E3_H11833_TGT016_0012,f6,train,1
H11833_000118,f6,train,1
E3_H11833_TGT013_0003,f6,train,1
E4_TGT002_1_05,f6,train,1
E3_H11833_TGT014_0009,f6,train,1
E4_TGT011_1_01,f6,train,1
E4_TGT010_1_01,f6,train,1
E3_H11833_TGT014_0005,f6,train,1
H11833_000070,f6,train,1
H11833_000027,f6,train,1
E3_H11833_TGT008_0002,f6,train,1
H11833_000105,f6,train,1
E3_H11833_TGT007_0017,f6,train,1
E3_H11833_TGT001_0003,f6,train,1
E4_TGT015_2_08,f6,train,1
E4_TGT017_1_09,f6,train,1
E4_TGT017_1_07,f6,train,1
E4_TGT007_1_07,f6,train,1
E4_TGT002_2_02,f6,train,1
E4_TGT006_2_09,f6,train,1
E3_H11833_TGT010_0002,f6,train,1
E4_TGT001_2_07,f6,train,1
E4_TGT010_2_06,f6,train,1
H11833_000086,f6,train,1
H11833_000082,f6,train,1
E4_TGT012_1_04,f6,train,1
H11833_000043,f6,train,1
E3_H11833_TGT003_0005,f6,train,1
H11833_000090,f6,train,1
E3_H11833_TGT001_0009,f6,train,1
E3_H11833_TGT003_0013,f6,train,1
H11833_000093,f6,train,1
H11833_000059,f6,train,1
E4_TGT011_2_07,f6,train,1
E3_H11833_TGT011_0007,f6,train,1
E3_H11833_TGT013_0018,f6,train,1
E3_H11833_TGT006_0018,f6,train,1
H11833_000014,f6,train,1
H11833_000044,f6,train,1
H11833_000096,f6,train,1
E3_H11833_TGT017_0012,f6,train,1
E4_TGT012_1_08,f6,train,1
H11833_000055,f6,train,1
E3_H11833_TGT006_0006,f6,train,1
E3_H11833_TGT001_0007,f6,train,1
E3_H11833_TGT012_0011,f6,train,1
E3_H11833_TGT010_0010,f6,train,1
E4_TGT013_2_09,f6,train,1
H11833_000108,f6,train,1
E4_TGT005_1_03,f6,train,1
E4_TGT005_2_05,f6,train,1
E3_H11833_TGT010_0003,f6,train,1
E3_H11833_TGT012_0010,f6,train,1
E3_H11833_TGT016_0016,f6,train,1
H11833_000094,f6,train,1
E4_TGT013_1_08,f6,train,1
E3_H11833_TGT011_0012,f6,train,1
E4_TGT013_2_03,f6,train,1
E4_TGT005_1_04,f6,train,1
E3_H11833_TGT007_0010,f6,train,1
E4_TGT014_2_07,f6,train,1
E4_TGT010_1_08,f6,train,1
E4_TGT010_1_05,f6,train,1
E3_H11833_TGT007_0012,f6,train,1
E3_H11833_TGT013_0016,f6,train,1
H11833_000031,f6,train,1
E4_TGT004_2_01,f6,train,1
E3_H11833_TGT003_0003,f6,train,1
E3_H11833_TGT008_0005,f6,train,1
E3_H11833_TGT014_0006,f6,train,1
E3_H11833_TGT009_0006,f6,train,1
H11833_000099,f6,train,1
E3_H11833_TGT014_0003,f6,train,1
E3_H11833_TGT011_0005,f6,train,1
E4_TGT010_2_09,f6,train,1
E4_TGT015_2_06,f6,train,1
E4_TGT015_1_08,f6,train,1
E4_TGT013_2_02,f6,train,1
H11833_000002,f6,train,1
E3_H11833_TGT008_0009,f6,train,1
E4_TGT011_2_05,f6,train,1
E4_TGT017_2_01,f6,train,1
H11833_000010,f6,train,1
E4_TGT017_1_08,f6,train,1
E4_TGT006_2_03,f6,train,1
E4_TGT005_2_08,f6,train,1
E4_TGT014_2_02,f6,train,1
E4_TGT001_1_01,f6,train,1
E4_TGT017_2_02,f6,train,1
H11833_000018,f6,train,1
E4_TGT004_2_07,f6,train,1
E3_H11833_TGT016_0006,f6,train,1
E4_TGT004_1_05,f6,train,1
E3_H11833_TGT006_0017,f6,train,1
E3_H11833_TGT001_0016,f6,train,1
E4_TGT006_1_05,f6,train,1
E3_H11833_TGT002_0017,f6,train,1
E4_TGT012_1_09,f6,train,1
E3_H11833_TGT016_0008,f6,train,1
E4_TGT005_2_06,f6,train,1
E4_TGT010_1_04,f6,train,1
H11833_000106,f6,train,1
E3_H11833_TGT009_0004,f6,train,1
H11833_000039,f6,train,1
E3_H11833_TGT014_0013,f6,train,1
E4_TGT013_1_02,f6,train,1
E3_H11833_TGT001_0002,f6,train,1
E3_H11833_TGT004_0008,f6,train,1
E4_TGT016_2_08,f6,train,1
E3_H11833_TGT006_0016,f6,train,1
H11833_000116,f6,train,1
E3_H11833_TGT006_0002,f6,train,1
E4_TGT003_2_09,f6,train,1
H11833_000074,f6,train,1
E4_TGT003_2_02,f6,train,1
H11833_000037,f6,train,1
E4_TGT004_1_09,f6,train,1
E4_TGT010_1_03,f6,train,1
E4_TGT004_1_01,f6,train,1
H11833_000003,f6,train,1
E3_H11833_TGT012_0018,f6,train,1
H11833_000065,f6,train,1
E3_H11833_TGT003_0001,f6,train,1
E4_TGT017_1_06,f6,train,1
E4_TGT008_2_02,f6,train,1
H11833_000083,f6,train,1
E3_H11833_TGT002_0006,f6,train,1
H11833_000107,f6,train,1
E3_H11833_TGT003_0018,f6,train,1
E3_H11833_TGT015_0016,f6,train,1
E4_TGT012_2_06,f6,train,1
E4_TGT012_1_03,f6,train,1
E3_H11833_TGT017_0006,f6,train,1
E3_H11833_TGT004_0013,f6,train,1
E3_H11833_TGT013_0001,f6,train,1
H11833_000072,f6,train,1
E3_H11833_TGT007_0005,f6,train,1
H11833_000102,f6,train,1
H11833_000100,f6,train,1
H11833_000005,f6,train,1
E4_TGT006_1_02,f6,train,1
E3_H11833_TGT006_0005,f6,train,1
E3_H11833_TGT016_0001,f6,train,1
E4_TGT014_1_09,f6,train,1
E4_TGT015_2_02,f6,train,1
E4_TGT016_1_02,f6,train,1
E4_TGT002_1_04,f6,train,1
E4_TGT013_1_03,f6,train,1
E4_TGT001_1_07,f6,train,1
E4_TGT013_1_04,f6,train,1
E4_TGT010_2_01,f6,train,1
E4_TGT010_2_02,f6,train,1
E4_TGT006_1_03,f6,train,1
E4_TGT017_1_02,f6,train,1
E4_TGT011_2_01,f6,train,1
E3_H11833_TGT011_0018,f6,train,1
E4_TGT013_1_01,f6,train,1
E3_H11833_TGT007_0013,f6,train,1
E4_TGT005_1_07,f6,train,1
H11833_000007,f6,train,1
E4_TGT015_2_01,f6,train,1
E4_TGT006_1_07,f6,train,1
E4_TGT007_1_05,f6,train,1
E3_H11833_TGT004_0001,f6,train,1
E3_H11833_TGT017_0017,f6,train,1
E4_TGT009_2_05,f6,train,1
E3_H11833_TGT014_0018,f6,train,1
H11833_000019,f6,train,1
H11833_000006,f6,train,1
E3_H11833_TGT013_0013,f6,train,1
E4_TGT004_2_06,f6,train,1
E4_TGT002_2_09,f6,train,1
E3_H11833_TGT002_0016,f6,train,1
E4_TGT010_1_02,f6,train,1
E4_TGT003_2_04,f6,train,1
E3_H11833_TGT006_0001,f6,train,1
E4_TGT012_2_07,f6,train,1
E4_TGT001_2_08,f6,train,1
E3_H11833_TGT004_0012,f6,train,1
E4_TGT001_2_03,f6,train,1
E4_TGT014_2_03,f6,train,1
E3_H11833_TGT007_0016,f6,train,1
E3_H11833_TGT007_0015,f6,train,1
E4_TGT013_2_08,f6,train,1
H11833_000012,f6,train,1
E3_H11833_TGT006_0012,f6,train,1
E3_H11833_TGT012_0005,f6,train,1
E4_TGT017_2_04,f6,train,1
E3_H11833_TGT015_0013,f6,train,1
E3_H11833_TGT001_0012,f6,train,1
E4_TGT016_2_04,f6,train,1
E4_TGT015_1_07,f6,train,1
H11833_000045,f6,train,1
E4_TGT012_2_02,f6,train,1
H11833_000077,f6,train,1
E4_TGT011_2_02,f6,train,1
E3_H11833_TGT013_0009,f6,train,1
H11833_000117,f6,train,1
E3_H11833_TGT006_0008,f6,train,1
E4_TGT011_2_09,f6,train,1
E3_H11833_TGT003_0016,f6,train,1
H11833_000066,f6,train,1
E3_H11833_TGT012_0006,f6,train,1
E4_TGT009_2_01,f6,train,1
E3_H11833_TGT013_0002,f6,train,1
H11833_000182,f6,train,0
H11833_000172,f6,train,0
E4_BG_0293,f6,train,0
E4_BG_0274,f6,train,0
E4_BG_0165,f6,train,0
E4_BG_0129,f6,train,0
E4_BG_0267,f6,train,0
E4_BG_0142,f6,train,0
E4_BG_0035,f6,train,0
E4_BG_0130,f6,train,0
E4_BG_0262,f6,train,0
E3_H11833_BG_0081,f6,train,0
E4_BG_0284,f6,train,0
H11833_000192,f6,train,0
E4_BG_0398,f6,train,0
E4_BG_0271,f6,train,0
H11833_000214,f6,train,0
E3_H11833_BG_0005,f6,train,0
E3_H11833_BG_0007,f6,train,0
E4_BG_0244,f6,train,0
E4_BG_0077,f6,train,0
E4_BG_0435,f6,train,0
E4_BG_0051,f6,train,0
E4_BG_0167,f6,train,0
E4_BG_0411,f6,train,0
E4_BG_0015,f6,train,0
E3_H11833_BG_0060,f6,train,0
E4_BG_0268,f6,train,0
E4_BG_0201,f6,train,0
H11833_000258,f6,train,0
E4_BG_0348,f6,train,0
H11833_000259,f6,train,0
E4_BG_0216,f6,train,0
E4_BG_0119,f6,train,0
H11833_000262,f6,train,0
E4_BG_0306,f6,train,0
E3_H11833_BG_0013,f6,train,0
E3_H11833_BG_0064,f6,train,0
E4_BG_0071,f6,train,0
E4_BG_0213,f6,train,0
E4_BG_0280,f6,train,0
H11833_000231,f6,train,0
E4_BG_0298,f6,train,0
H11833_000264,f6,train,0
E4_BG_0114,f6,train,0
H11833_000236,f6,train,0
E4_BG_0368,f6,train,0
E4_BG_0419,f6,train,0
E4_BG_0363,f6,train,0
E4_BG_0048,f6,train,0
E4_BG_0320,f6,train,0
E4_BG_0066,f6,train,0
E4_BG_0075,f6,train,0
E4_BG_0171,f6,train,0
E4_BG_0123,f6,train,0
H11833_000251,f6,train,0
E4_BG_0417,f6,train,0
H11833_000133,f6,train,0
E4_BG_0202,f6,train,0
H11833_000247,f6,train,0
E4_BG_0378,f6,train,0
H11833_000187,f6,train,0
E4_BG_0410,f6,train,0
E4_BG_0443,f6,train,0
E4_BG_0016,f6,train,0
E3_H11833_BG_0036,f6,train,0
E4_BG_0290,f6,train,0
E3_H11833_BG_0080,f6,train,0
E4_BG_0338,f6,train,0
E4_BG_0431,f6,train,0
E4_BG_0352,f6,train,0
H11833_000260,f6,train,0
E4_BG_0269,f6,train,0
E4_BG_0140,f6,train,0
E4_BG_0014,f6,train,0
E4_BG_0185,f6,train,0
E4_BG_0052,f6,train,0
H11833_000272,f6,train,0
E3_H11833_BG_0072,f6,train,0
H11833_000189,f6,train,0
H11833_000275,f6,train,0
E4_BG_0058,f6,train,0
E4_BG_0049,f6,train,0
E3_H11833_BG_0062,f6,train,0
E4_BG_0203,f6,train,0
E4_BG_0418,f6,train,0
E4_BG_0234,f6,train,0
E3_H11833_BG_0065,f6,train,0
E4_BG_0106,f6,train,0
E4_BG_0361,f6,train,0
E4_BG_0416,f6,train,0
E3_H11833_BG_0073,f6,train,0
E4_BG_0310,f6,train,0
E4_BG_0360,f6,train,0
E4_BG_0287,f6,train,0
E4_BG_0138,f6,train,0
E4_BG_0359,f6,train,0
E4_BG_0324,f6,train,0
E4_BG_0399,f6,train,0
H11833_000223,f6,train,0
E4_BG_0007,f6,train,0
E3_H11833_BG_0048,f6,train,0
E4_BG_0387,f6,train,0
H11833_000134,f6,train,0
E4_BG_0296,f6,train,0
E4_BG_0263,f6,train,0
E4_BG_0166,f6,train,0
E4_BG_0062,f6,train,0
H11833_000212,f6,train,0
E3_H11833_BG_0052,f6,train,0
H11833_000137,f6,train,0
E4_BG_0344,f6,train,0
E4_BG_0426,f6,train,0
E4_BG_0321,f6,train,0
E4_BG_0092,f6,train,0
H11833_000216,f6,train,0
E4_BG_0031,f6,train,0
H11833_000232,f6,train,0
E4_BG_0160,f6,train,0
E4_BG_0178,f6,train,0
H11833_000175,f6,train,0
E3_H11833_BG_0061,f6,train,0
H11833_000215,f6,train,0
H11833_000252,f6,train,0
E4_BG_0099,f6,train,0
E3_H11833_BG_0002,f6,train,0
H11833_000129,f6,train,0
E4_BG_0044,f6,train,0
E4_BG_0174,f6,train,0
E4_BG_0318,f6,train,0
E4_BG_0018,f6,train,0
H11833_000165,f6,train,0
E4_BG_0091,f6,train,0
E4_BG_0028,f6,train,0
E4_BG_0301,f6,train,0
E4_BG_0155,f6,train,0
H11833_000276,f6,train,0
E3_H11833_BG_0029,f6,train,0
E4_BG_0278,f6,train,0
E3_H11833_BG_0032,f6,train,0
E4_BG_0207,f6,train,0
E4_BG_0191,f6,train,0
E4_BG_0004,f6,train,0
E4_BG_0126,f6,train,0
E4_BG_0422,f6,train,0
E4_BG_0005,f6,train,0
E4_BG_0433,f6,train,0
H11833_000235,f6,train,0
E4_BG_0200,f6,train,0
H11833_000169,f6,train,0
E4_BG_0172,f6,train,0
E4_BG_0070,f6,train,0
E3_H11833_BG_0049,f6,train,0
E3_H11833_BG_0023,f6,train,0
E4_BG_0279,f6,train,0
E4_BG_0177,f6,train,0
E4_BG_0370,f6,train,0
E4_BG_0205,f6,train,0
E4_BG_0308,f6,train,0
H11833_000278,f6,train,0
E4_BG_0403,f6,train,0
E4_BG_0164,f6,train,0
E4_BG_0149,f6,train,0
E4_BG_0084,f6,train,0
H11833_000174,f6,train,0
E4_BG_0241,f6,train,0
E4_BG_0406,f6,train,0
E4_BG_0159,f6,train,0
E4_BG_0148,f6,train,0
E4_BG_0447,f6,train,0
E4_BG_0021,f6,train,0
E4_BG_0060,f6,train,0
E3_H11833_BG_0085,f6,train,0
E4_BG_0228,f6,train,0
E3_H11833_BG_0045,f6,train,0
E3_H11833_BG_0066,f6,train,0
H11833_000161,f6,train,0
E4_BG_0081,f6,train,0
E4_BG_0133,f6,train,0
E4_BG_0401,f6,train,0
E4_BG_0425,f6,train,0
E4_BG_0319,f6,train,0
E4_BG_0327,f6,train,0
E4_BG_0036,f6,train,0
H11833_000263,f6,train,0
H11833_000243,f6,train,0
H11833_000130,f6,train,0
E4_BG_0144,f6,train,0
E4_BG_0170,f6,train,0
E4_BG_0313,f6,train,0
E4_BG_0209,f6,train,0
E4_BG_0193,f6,train,0
E3_H11833_BG_0010,f6,train,0
E4_BG_0011,f6,train,0
E4_BG_0294,f6,train,0
E4_BG_0024,f6,train,0
E4_BG_0331,f6,train,0
E4_BG_0219,f6,train,0
H11833_000200,f6,train,0
E4_BG_0392,f6,train,0
E4_BG_0326,f6,train,0
H11833_000266,f6,train,0
E4_BG_0187,f6,train,0
E4_BG_0100,f6,train,0
E4_BG_0095,f6,train,0
E4_BG_0057,f6,train,0
E4_BG_0439,f6,train,0
E4_BG_0045,f6,train,0
H11833_000238,f6,train,0
E3_H11833_BG_0011,f6,train,0
E4_BG_0349,f6,train,0
E4_BG_0272,f6,train,0
E4_BG_0083,f6,train,0
H11833_000211,f6,train,0
E4_BG_0050,f6,train,0
E4_BG_0235,f6,train,0
E3_H11833_BG_0037,f6,train,0
E4_BG_0231,f6,train,0
E3_H11833_BG_0050,f6,train,0
E4_BG_0054,f6,train,0
E4_BG_0065,f6,train,0
E4_BG_0175,f6,train,0
E3_H11833_BG_0034,f6,train,0
E4_BG_0391,f6,train,0
E4_BG_0117,f6,train,0
H11833_000171,f6,train,0
E4_BG_0409,f6,train,0
E4_BG_0379,f6,train,0
E3_H11833_BG_0024,f6,train,0
E4_BG_0317,f6,train,0
E4_BG_0056,f6,train,0
E3_H11833_BG_0001,f6,train,0
E4_BG_0381,f6,train,0
E4_BG_0118,f6,train,0
E4_BG_0109,f6,train,0
H11833_000145,f6,train,0
H11833_000233,f6,train,0
H11833_000203,f6,train,0
E4_BG_0085,f6,train,0
E3_H11833_BG_0054,f6,train,0
H11833_000125,f6,train,0
E4_BG_0218,f6,train,0
E4_BG_0291,f6,train,0
E4_BG_0195,f6,train,0
H11833_000197,f6,train,0
H11833_000282,f6,train,0
E4_BG_0168,f6,train,0
H11833_000204,f6,train,0
E4_BG_0184,f6,train,0
E4_BG_0074,f6,train,0
H11833_000265,f6,train,0
H11833_000208,f6,train,0
E4_BG_0125,f6,train,0
E3_H11833_BG_0071,f6,train,0
E3_H11833_BG_0019,f6,train,0
H11833_000190,f6,train,0
E4_BG_0093,f6,train,0
E4_BG_0232,f6,train,0
E4_BG_0156,f6,train,0
E4_BG_0345,f6,train,0
E4_BG_0163,f6,train,0
E4_BG_0076,f6,train,0
E3_H11833_BG_0088,f6,train,0
E4_BG_0254,f6,train,0
E4_BG_0309,f6,train,0
E4_BG_0227,f6,train,0
E3_H11833_BG_0020,f6,train,0
E4_BG_0325,f6,train,0
E4_BG_0111,f6,train,0
E4_BG_0270,f6,train,0
H11833_000221,f6,train,0
E4_BG_0221,f6,train,0
E3_H11833_BG_0022,f6,train,0
E4_BG_0102,f6,train,0
E4_BG_0347,f6,train,0
E4_BG_0386,f6,train,0
E4_BG_0373,f6,train,0
E4_BG_0030,f6,train,0
E4_BG_0246,f6,train,0
E3_H11833_BG_0046,f6,train,0
E4_BG_0383,f6,train,0
E4_BG_0208,f6,train,0
E4_BG_0222,f6,train,0
E4_BG_0210,f6,train,0
E3_H11833_BG_0039,f6,train,0
E3_H11833_BG_0069,f6,train,0
E3_H11833_BG_0083,f6,train,0
E4_BG_0026,f6,train,0
E4_BG_0229,f6,train,0
H11833_000261,f6,train,0
E4_BG_0120,f6,train,0
H11833_000154,f6,train,0
E4_BG_0039,f6,train,0
E4_BG_0029,f6,train,0
E4_BG_0332,f6,train,0
E4_BG_0303,f6,train,0
E4_BG_0356,f6,train,0
E4_BG_0032,f6,train,0
E4_BG_0188,f6,train,0
H11833_000168,f6,train,0
E4_BG_0131,f6,train,0
E4_BG_0046,f6,train,0
E3_H11833_BG_0028,f6,train,0
E4_BG_0239,f6,train,0
E3_H11833_BG_0067,f6,train,0
E4_BG_0376,f6,train,0
H11833_000225,f6,train,0
E4_BG_0224,f6,train,0
H11833_000177,f6,train,0
E3_H11833_BG_0057,f6,train,0
E3_H11833_BG_0090,f6,train,0
E3_H11833_BG_0079,f6,train,0
H11833_000255,f6,train,0
H11833_000185,f6,train,0
E4_BG_0153,f6,train,0
E4_BG_0257,f6,train,0
E4_BG_0150,f6,train,0
E4_BG_0079,f6,train,0
E4_BG_0252,f6,train,0
E4_BG_0297,f6,train,0
H11833_000193,f6,train,0
E4_BG_0243,f6,train,0
H11833_000160,f6,train,0
E4_BG_0134,f6,train,0
E4_BG_0304,f6,train,0
E3_H11833_BG_0051,f6,train,0
H11833_000202,f6,train,0
E4_BG_0432,f6,train,0
H11833_000127,f6,train,0
E4_BG_0181,f6,train,0
E4_BG_0396,f6,train,0
E4_BG_0225,f6,train,0
E4_BG_0382,f6,train,0
E4_BG_0059,f6,train,0
E4_BG_0161,f6,train,0
E4_BG_0121,f6,train,0
E4_BG_0115,f6,train,0
E4_BG_0365,f6,train,0
E4_BG_0385,f6,train,0
E4_BG_0002,f6,train,0
E4_BG_0025,f6,train,0
E4_BG_0281,f6,train,0
E4_BG_0446,f6,train,0
H11833_000158,f6,train,0
E4_BG_0445,f6,train,0
E4_BG_0189,f6,train,0
E4_BG_0253,f6,train,0
E3_H11833_BG_0027,f6,train,0
E4_BG_0367,f6,train,0
H11833_000153,f6,train,0
H11833_000150,f6,train,0
E4_BG_0393,f6,train,0
H11833_000245,f6,train,0
H11833_000196,f6,train,0
E4_BG_0042,f6,train,0
H11833_000144,f6,train,0
E4_BG_0236,f6,train,0
E4_BG_0041,f6,train,0
E4_BG_0146,f6,train,0
E4_BG_0366,f6,train,0
E4_BG_0217,f6,train,0
E4_BG_0314,f6,train,0
E4_BG_0295,f6,train,0
E4_BG_0194,f6,train,0
E4_BG_0357,f6,train,0
E4_BG_0043,f6,train,0
E3_H11833_BG_0016,f6,train,0
E4_BG_0438,f6,train,0
E4_BG_0337,f6,train,0
H11833_000248,f6,train,0
E3_H11833_BG_0063,f6,train,0
H11833_000240,f6,train,0
E4_BG_0353,f6,train,0
E4_BG_0183,f6,train,0
E4_BG_0154,f6,train,0
E4_BG_0179,f6,train,0
E4_BG_0289,f6,train,0
H11833_000213,f6,train,0
E4_BG_0402,f6,train,0
E4_BG_0220,f6,train,0
H11833_000219,f6,train,0
E4_BG_0260,f6,train,0
H11833_000201,f6,train,0
H11833_000191,f6,train,0
H11833_000198,f6,train,0
E4_BG_0034,f6,train,0
E4_BG_0215,f6,train,0
E4_BG_0300,f6,train,0
E4_BG_0405,f6,train,0
E4_BG_0388,f6,train,0
E4_BG_0323,f6,train,0
E4_BG_0397,f6,train,0
E4_BG_0072,f6,train,0
H11833_000155,f6,train,0
E4_BG_0214,f6,train,0
E4_BG_0089,f6,train,0
H11833_000142,f6,train,0
E4_BG_0380,f6,train,0
E4_BG_0429,f6,train,0
E4_BG_0420,f6,train,0
E4_BG_0022,f6,train,0
E4_BG_0027,f6,train,0
E4_BG_0364,f6,train,0
E4_BG_0375,f6,train,0
E4_BG_0096,f6,train,0
E4_BG_0147,f6,train,0
E4_BG_0023,f6,train,0
E4_BG_0055,f6,train,0
E4_BG_0307,f6,train,0
E4_BG_0173,f6,train,0
E3_H11833_BG_0040,f6,train,0
E4_BG_0019,f6,train,0
E4_BG_0086,f6,train,0
E4_BG_0128,f6,train,0
E4_BG_0256,f6,train,0
E3_H11833_BG_0056,f6,train,0
E4_BG_0336,f6,train,0
E4_BG_0064,f6,train,0
E4_BG_0097,f6,train,0
E4_BG_0415,f6,train,0
E4_BG_0341,f6,train,0
E4_BG_0408,f6,train,0
H11833_000140,f6,train,0
H11833_000205,f6,train,0
E4_BG_0286,f6,train,0
E4_BG_0162,f6,train,0
E4_BG_0328,f6,train,0
E4_BG_0139,f6,train,0
E4_BG_0237,f6,train,0
H11833_000239,f6,train,0
E4_BG_0069,f6,train,0
H11833_000132,f6,train,0
E3_H11833_BG_0043,f6,train,0
E4_BG_0199,f6,train,0
H11833_000242,f6,train,0
E4_BG_0413,f6,train,0
E4_BG_0275,f6,train,0
E4_BG_0265,f6,train,0
E4_BG_0233,f6,train,0
E4_BG_0068,f6,train,0
E4_BG_0006,f6,train,0
E3_H11833_BG_0038,f6,train,0
E4_BG_0116,f6,train,0
H11833_000157,f6,train,0
E4_BG_0412,f6,train,0
E3_H11833_BG_0058,f6,train,0
H11833_000250,f6,train,0
E4_BG_0088,f6,train,0
E4_BG_0343,f6,train,0
E4_BG_0223,f6,train,0
E4_BG_0176,f6,train,0
E4_BG_0037,f6,train,0
E4_BG_0428,f6,train,0
E4_BG_0247,f6,train,0
E4_BG_0143,f6,train,0
E4_BG_0242,f6,train,0
E3_H11833_BG_0041,f6,train,0
H11833_000228,f6,train,0
E4_BG_0053,f6,train,0
H11833_000178,f6,train,0
E4_BG_0141,f6,train,0
H11833_000147,f6,train,0
E4_BG_0107,f6,train,0
H11833_000226,f6,train,0
E3_H11833_BG_0086,f6,train,0
E4_BG_0434,f6,train,0
H11833_000254,f6,train,0
H11833_000156,f6,train,0
E3_H11833_BG_0070,f6,train,0
E4_BG_0351,f6,train,0
E4_BG_0063,f6,train,0
H11833_000139,f6,train,0
E4_BG_0404,f6,train,0
E4_BG_0441,f6,train,0
E4_BG_0437,f6,train,0
E4_BG_0371,f6,train,0
E4_BG_0206,f6,train,0
E4_BG_0211,f6,train,0
H11833_000170,f6,train,0
E4_BG_0330,f6,train,0
H11833_000149,f6,train,0
E4_BG_0292,f6,train,0
E4_BG_0192,f6,train,0
E4_BG_0423,f6,train,0
H11833_000210,f6,train,0
H11833_000143,f6,train,0
E4_BG_0442,f6,train,0
H11833_000151,f6,train,0
E4_BG_0400,f6,train,0
H11833_000206,f6,train,0
E3_H11833_BG_0047,f6,train,0
E4_BG_0073,f6,train,0
H11833_000227,f6,train,0
E4_BG_0033,f6,train,0
E4_BG_0369,f6,train,0
E4_BG_0414,f6,train,0
E4_BG_0104,f6,train,0
E4_BG_0299,f6,train,0
E4_BG_0240,f6,train,0
E3_H11833_BG_0077,f6,train,0
E3_H11833_BG_0055,f6,train,0
E4_BG_0444,f6,train,0
H11833_000195,f6,train,0
E4_BG_0145,f6,train,0
E3_H11833_BG_0068,f6,train,0
E4_BG_0266,f6,train,0
E4_BG_0008,f6,train,0
H11833_000141,f6,train,0
E3_H11833_BG_0025,f6,train,0
E3_H11833_BG_0074,f6,train,0
E4_BG_0288,f6,train,0
E4_BG_0311,f6,train,0
E3_H11833_BG_0030,f6,train,0
E4_BG_0283,f6,train,0
E4_BG_0135,f6,train,0
E4_BG_0264,f6,train,0
H11833_000217,f6,train,0
H11833_000222,f6,train,0
H11833_000237,f6,train,0
E3_H11833_BG_0017,f6,train,0
H11833_000277,f6,train,0
E4_BG_0151,f6,train,0
E4_BG_0122,f6,train,0
E3_H11833_BG_0006,f6,train,0
E3_H11833_BG_0076,f6,train,0
E3_H11833_BG_0026,f6,train,0
E4_BG_0038,f6,train,0
E3_H11833_BG_0053,f6,train,0
E4_BG_0384,f6,train,0
H11833_000224,f6,train,0
E4_BG_0395,f6,train,0
H11833_000273,f6,train,0
E4_BG_0108,f6,train,0
E4_BG_0350,f6,train,0
E4_BG_0315,f6,train,0
E4_BG_0259,f6,train,0
E4_BG_0090,f6,train,0
H11833_000176,f6,train,0
E4_BG_0407,f6,train,0
E4_BG_0316,f6,train,0
E4_BG_0261,f6,train,0
H11833_000184,f6,train,0
E4_BG_0282,f6,train,0
E4_BG_0017,f6,train,0
E4_BG_0012,f6,train,0
H11833_000188,f6,train,0
E4_BG_0335,f6,train,0
E3_H11833_BG_0087,f6,train,0
E4_BG_0251,f6,train,0
G7_000904,g7,train,0
G7_001896,g7,train,0
G7_000061,g7,train,0
G7_006626,g7,train,0
G7_002652,g7,train,0
G7_001381,g7,train,0
G7_000184,g7,train,0
G7_000121,g7,train,0
G7_000310,g7,train,0
G7_002428,g7,train,0
G7_006649,g7,train,0
G7_005438,g7,train,0
G7_002222,g7,train,0
G7_005067,g7,train,0
G7_005984,g7,train,0
G7_005815,g7,train,0
G7_003655,g7,train,0
G7_003194,g7,train,0
G7_006117,g7,train,0
G7_006757,g7,train,0
G7_003962,g7,train,0
G7_004423,g7,train,0
G7_004236,g7,train,0
G7_003563,g7,train,0
G7_003181,g7,train,0
G7_004732,g7,train,0
G7_005223,g7,train,0
G7_006050,g7,train,0
G7_002308,g7,train,0
G7_002981,g7,train,0
G7_006543,g7,train,0
G7_002014,g7,train,0
G7_001152,g7,train,0
G7_003212,g7,train,0
G7_003002,g7,train,0
G7_002864,g7,train,0
G7_003701,g7,train,0
G7_003299,g7,train,0
G7_005714,g7,train,0
G7_005292,g7,train,0
G7_000188,g7,train,0
G7_006762,g7,train,0
G7_007118,g7,train,0
G7_007115,g7,train,0
G7_005041,g7,train,0
G7_002304,g7,train,0
G7_001155,g7,train,0
G7_007169,g7,train,0
G7_007262,g7,train,0
G7_006098,g7,train,0
G7_003171,g7,train,0
G7_004505,g7,train,0
G7_005690,g7,train,0
G7_005014,g7,train,0
G7_004618,g7,train,0
G7_007121,g7,train,0
G7_006883,g7,train,0
G7_001290,g7,train,0
G7_000732,g7,train,0
G7_003353,g7,train,0
G7_000657,g7,train,0
G7_006052,g7,train,0
G7_004702,g7,train,0
G7_003513,g7,train,0
G7_001145,g7,train,0
G7_000267,g7,train,0
G7_000868,g7,train,0
G7_006386,g7,train,0
G7_001504,g7,train,0
G7_003556,g7,train,0
G7_001887,g7,train,0
G7_003807,g7,train,0
G7_004521,g7,train,0
G7_002501,g7,train,0
G7_003753,g7,train,0
G7_001691,g7,train,0
G7_006751,g7,train,0
G7_004434,g7,train,0
G7_006809,g7,train,0
G7_000581,g7,train,0
G7_005485,g7,train,0
G7_005622,g7,train,0
G7_002480,g7,train,0
G7_004987,g7,train,0
G7_005533,g7,train,0
G7_003160,g7,train,0
G7_002352,g7,train,0
G7_004039,g7,train,0
G7_006044,g7,train,0
G7_001005,g7,train,0
G7_004727,g7,train,0
G7_003190,g7,train,0
G7_004450,g7,train,0
G7_000946,g7,train,0
G7_000053,g7,train,0
G7_001833,g7,train,0
G7_002102,g7,train,0
G7_004948,g7,train,0
G7_000243,g7,train,0
G7_000821,g7,train,0
G7_004733,g7,train,0
G7_000015,g7,train,0
G7_004059,g7,train,0
G7_004573,g7,train,0
G7_003756,g7,train,0
G7_003557,g7,train,0
G7_000321,g7,train,0
G7_004774,g7,train,0
G7_000049,g7,train,0
G7_002958,g7,train,0
G7_006630,g7,train,0
G7_005940,g7,train,0
G7_003134,g7,train,0
G7_002856,g7,train,0
G7_001077,g7,train,0
G7_006725,g7,train,0
G7_005769,g7,train,0
G7_001367,g7,train,0
G7_004140,g7,train,0
G7_000467,g7,train,0
G7_006353,g7,train,0
G7_000595,g7,train,0
G7_000741,g7,train,0
G7_001555,g7,train,0
G7_002416,g7,train,0
G7_006614,g7,train,0
G7_004176,g7,train,0
G7_004710,g7,train,0
G7_000065,g7,train,0
G7_002138,g7,train,0
G7_003978,g7,train,0
G7_003665,g7,train,0
G7_006276,g7,train,0
G7_000486,g7,train,0
G7_001158,g7,train,0
G7_005937,g7,train,0
G7_006758,g7,train,0
G7_003841,g7,train,0
G7_003780,g7,train,0
G7_002573,g7,train,0
G7_002022,g7,train,0
G7_003797,g7,train,0
G7_005629,g7,train,0
G7_005482,g7,train,0
G7_000874,g7,train,0
G7_000064,g7,train,0
G7_003506,g7,train,0
G7_004383,g7,train,0
G7_002387,g7,train,0
G7_004013,g7,train,0
G7_001708,g7,train,0
G7_006703,g7,train,0
G7_003440,g7,train,0
G7_005066,g7,train,0
G7_003494,g7,train,0
G7_001398,g7,train,0
G7_003514,g7,train,0
G7_006618,g7,train,0
G7_003225,g7,train,0
G7_002057,g7,train,0
G7_001311,g7,train,0
G7_002653,g7,train,0
G7_002100,g7,train,0
G7_003317,g7,train,0
G7_007014,g7,train,0
G7_004168,g7,train,0
G7_002112,g7,train,0
G7_001466,g7,train,0
G7_000478,g7,train,0
G7_005411,g7,train,0
G7_003124,g7,train,0
G7_005827,g7,train,0
G7_001578,g7,train,0
G7_004568,g7,train,0
G7_003584,g7,train,0
G7_005568,g7,train,0
G7_002613,g7,train,0
G7_001855,g7,train,0
G7_007194,g7,train,0
G7_000621,g7,train,0
G7_003861,g7,train,0
G7_006686,g7,train,0
G7_005432,g7,train,0
G7_001941,g7,train,0
G7_005138,g7,train,0
G7_002210,g7,train,0
G7_000744,g7,train,0
G7_001770,g7,train,0
G7_006724,g7,train,0
G7_003543,g7,train,0
G7_006481,g7,train,0
G7_001782,g7,train,0
G7_005642,g7,train,0
G7_004974,g7,train,0
G7_003099,g7,train,0
G7_000658,g7,train,0
G7_006859,g7,train,0
G7_005660,g7,train,0
G7_000034,g7,train,0
G7_001671,g7,train,0
G7_001658,g7,train,0
G7_000726,g7,train,0
G7_004147,g7,train,0
G7_003445,g7,train,0
G7_004668,g7,train,0
G7_002441,g7,train,0
G7_005317,g7,train,0
G7_004309,g7,train,0
G7_002295,g7,train,0
G7_006956,g7,train,0
G7_002814,g7,train,0
G7_004513,g7,train,0
G7_002317,g7,train,0
G7_002849,g7,train,0
G7_001326,g7,train,0
G7_001380,g7,train,0
G7_001321,g7,train,0
G7_000349,g7,train,0
G7_004172,g7,train,0
G7_000502,g7,train,0
G7_006741,g7,train,0
G7_006255,g7,train,0
G7_001098,g7,train,0
G7_000218,g7,train,0
G7_007237,g7,train,0
G7_001823,g7,train,0
G7_006039,g7,train,0
G7_003478,g7,train,0
G7_001094,g7,train,0
G7_004848,g7,train,0
G7_002143,g7,train,0
G7_002782,g7,train,0
G7_006939,g7,train,0
G7_004620,g7,train,0
G7_005449,g7,train,0
G7_001399,g7,train,0
G7_003400,g7,train,0
G7_004074,g7,train,0
G7_003367,g7,train,0
G7_003263,g7,train,0
G7_001705,g7,train,0
G7_006921,g7,train,0
G7_005674,g7,train,0
G7_001723,g7,train,0
G7_003380,g7,train,0
G7_006554,g7,train,0
G7_001726,g7,train,0
G7_006243,g7,train,0
G7_001119,g7,train,0
G7_005771,g7,train,0
G7_003930,g7,train,0
G7_003539,g7,train,0
G7_000663,g7,train,0
G7_003647,g7,train,0
G7_000564,g7,train,0
G7_004410,g7,train,0
G7_005436,g7,train,0
G7_007208,g7,train,0
G7_005383,g7,train,0
G7_005517,g7,train,0
G7_005728,g7,train,0
G7_006163,g7,train,0
G7_003490,g7,train,0
G7_001594,g7,train,0
G7_000623,g7,train,0
G7_007032,g7,train,0
G7_000228,g7,train,0
G7_004104,g7,train,0
G7_005817,g7,train,0
G7_003207,g7,train,0
G7_003226,g7,train,0
G7_001537,g7,train,0
G7_004034,g7,train,0
G7_005707,g7,train,0
G7_005831,g7,train,0
G7_006107,g7,train,0
G7_002985,g7,train,0
G7_002054,g7,train,0
G7_000146,g7,train,0
G7_004321,g7,train,0
G7_002553,g7,train,0
G7_005896,g7,train,0
G7_006485,g7,train,0
G7_004867,g7,train,0
G7_007048,g7,train,0
G7_004821,g7,train,0
G7_000810,g7,train,0
G7_006578,g7,train,0
G7_001670,g7,train,0
G7_001157,g7,train,0
G7_006051,g7,train,0
G7_001948,g7,train,0
G7_003806,g7,train,0
G7_000907,g7,train,0
G7_007001,g7,train,0
G7_004273,g7,train,0
G7_004822,g7,train,0
G7_002664,g7,train,0
G7_003894,g7,train,0
G7_000354,g7,train,0
G7_005357,g7,train,0
G7_006236,g7,train,0
G7_002174,g7,train,0
G7_006402,g7,train,0
G7_005094,g7,train,0
G7_004600,g7,train,0
G7_001535,g7,train,0
G7_002170,g7,train,0
G7_002565,g7,train,0
G7_003426,g7,train,0
G7_005266,g7,train,0
G7_002640,g7,train,0
G7_006544,g7,train,0
G7_006145,g7,train,0
G7_006181,g7,train,0
G7_001485,g7,train,0
G7_006786,g7,train,0
G7_005095,g7,train,0
G7_003666,g7,train,0
G7_001343,g7,train,0
G7_005673,g7,train,0
G7_000443,g7,train,0
G7_003923,g7,train,0
G7_004359,g7,train,0
G7_003500,g7,train,0
G7_006131,g7,train,0
G7_001247,g7,train,0
G7_002471,g7,train,0
G7_004831,g7,train,0
G7_000893,g7,train,0
G7_000226,g7,train,0
G7_003235,g7,train,0
G7_001841,g7,train,0
G7_003349,g7,train,0
G7_006352,g7,train,0
G7_000373,g7,train,0
G7_004534,g7,train,0
G7_006551,g7,train,0
G7_004592,g7,train,0
G7_001804,g7,train,0
G7_005762,g7,train,0
G7_001900,g7,train,0
G7_005245,g7,train,0
G7_002405,g7,train,0
G7_006651,g7,train,0
G7_006395,g7,train,0
G7_001736,g7,train,0
G7_006041,g7,train,0
G7_004098,g7,train,0
G7_001450,g7,train,0
G7_005001,g7,train,0
G7_002673,g7,train,0
G7_003198,g7,train,0
G7_005541,g7,train,0
G7_000620,g7,train,0
G7_001943,g7,train,0
G7_006021,g7,train,0
G7_000422,g7,train,0
G7_001763,g7,train,0
G7_006798,g7,train,0
G7_002601,g7,train,0
G7_000774,g7,train,0
G7_000656,g7,train,0
G7_005736,g7,train,0
G7_001264,g7,train,0
G7_000727,g7,train,0
G7_001424,g7,train,0
G7_005796,g7,train,0
G7_000434,g7,train,0
G7_005273,g7,train,0
G7_006175,g7,train,0
G7_000245,g7,train,0
G7_005585,g7,train,0
G7_003833,g7,train,0
G7_005021,g7,train,0
G7_001997,g7,train,0
G7_004363,g7,train,0
G7_004440,g7,train,0
G7_000161,g7,train,0
G7_000698,g7,train,0
G7_004296,g7,train,0
G7_000597,g7,train,0
G7_006431,g7,train,0
G7_000543,g7,train,0
G7_006110,g7,train,0
G7_003467,g7,train,0
G7_007200,g7,train,0
G7_000368,g7,train,0
G7_004449,g7,train,0
G7_006628,g7,train,0
G7_006024,g7,train,0
G7_005570,g7,train,0
G7_002089,g7,train,0
G7_003240,g7,train,0
G7_002006,g7,train,0
G7_006667,g7,train,0
G7_003893,g7,train,0
G7_006644,g7,train,0
G7_006270,g7,train,0
G7_006732,g7,train,0
G7_002954,g7,train,0
G7_004567,g7,train,0
G7_003201,g7,train,0
G7_004543,g7,train,0
G7_003106,g7,train,0
G7_000533,g7,train,0
G7_003680,g7,train,0
G7_004216,g7,train,0
G7_006165,g7,train,0
G7_006535,g7,train,0
G7_001528,g7,train,0
G7_007244,g7,train,0
G7_001983,g7,train,0
G7_005304,g7,train,0
G7_006032,g7,train,0
G7_003530,g7,train,0
G7_000274,g7,train,0
G7_007197,g7,train,0
G7_001148,g7,train,0
G7_003544,g7,train,0
G7_002370,g7,train,0
G7_006036,g7,train,0
G7_002938,g7,train,0
G7_007013,g7,train,0
G7_003733,g7,train,0
G7_005611,g7,train,0
G7_002188,g7,train,0
G7_000935,g7,train,0
G7_004681,g7,train,0
G7_000687,g7,train,0
G7_006705,g7,train,0
G7_000990,g7,train,0
G7_003280,g7,train,0
G7_005723,g7,train,0
G7_000202,g7,train,0
G7_001118,g7,train,0
G7_004673,g7,train,0
G7_003323,g7,train,0
G7_005247,g7,train,0
G7_002608,g7,train,0
G7_005078,g7,train,0
G7_000736,g7,train,0
G7_001122,g7,train,0
G7_004786,g7,train,0
G7_002810,g7,train,0
G7_001346,g7,train,0
G7_003273,g7,train,0
G7_004661,g7,train,0
G7_004442,g7,train,0
G7_000494,g7,train,0
G7_000752,g7,train,0
G7_006400,g7,train,0
G7_006695,g7,train,0
G7_003336,g7,train,0
G7_005108,g7,train,0
G7_002329,g7,train,0
G7_005344,g7,train,0
G7_006961,g7,train,0
G7_004388,g7,train,0
G7_001764,g7,train,0
G7_004235,g7,train,0
G7_002713,g7,train,0
G7_006830,g7,train,0
G7_002226,g7,train,0
G7_002159,g7,train,0
G7_006413,g7,train,0
G7_001827,g7,train,0
G7_007242,g7,train,0
G7_002510,g7,train,0
G7_000145,g7,train,0
G7_004269,g7,train,0
G7_001950,g7,train,0
G7_004857,g7,train,0
G7_006805,g7,train,0
G7_006144,g7,train,0
G7_000768,g7,train,0
G7_005732,g7,train,0
G7_005619,g7,train,0
G7_004313,g7,train,0
G7_005860,g7,train,0
G7_003168,g7,train,0
G7_004258,g7,train,0
G7_001358,g7,train,0
G7_003078,g7,train,0
G7_004878,g7,train,0
G7_000170,g7,train,0
G7_000965,g7,train,0
G7_004809,g7,train,0
G7_005182,g7,train,0
G7_002178,g7,train,0
G7_002036,g7,train,0
G7_002994,g7,train,0
G7_002447,g7,train,0
G7_001487,g7,train,0
G7_004375,g7,train,0
G7_000996,g7,train,0
G7_000524,g7,train,0
G7_001192,g7,train,0
G7_002614,g7,train,0
G7_004936,g7,train,0
G7_005531,g7,train,0
G7_001333,g7,train,0
G7_005152,g7,train,0
G7_007298,g7,train,0
G7_004379,g7,train,0
G7_004755,g7,train,0
G7_003472,g7,train,0
G7_001710,g7,train,0
G7_000730,g7,train,0
G7_001976,g7,train,0
G7_005234,g7,train,0
G7_001564,g7,train,0
G7_001027,g7,train,0
G7_006023,g7,train,0
G7_005929,g7,train,0
G7_000490,g7,train,0
G7_006797,g7,train,0
G7_000324,g7,train,0
G7_004178,g7,train,0
G7_004374,g7,train,0
G7_005584,g7,train,0
G7_005474,g7,train,0
G7_004757,g7,train,0
G7_001590,g7,train,0
G7_006616,g7,train,0
G7_001049,g7,train,0
G7_003463,g7,train,0
G7_005823,g7,train,0
G7_000912,g7,train,0
G7_006671,g7,train,0
G7_005715,g7,train,0
G7_004224,g7,train,0
G7_006273,g7,train,0
G7_003952,g7,train,0
G7_005608,g7,train,0
G7_005101,g7,train,0
G7_002900,g7,train,0
G7_005917,g7,train,0
G7_004385,g7,train,0
G7_001769,g7,train,0
G7_000427,g7,train,0
G7_005689,g7,train,0
G7_002403,g7,train,0
G7_000062,g7,train,0
G7_007205,g7,train,0
G7_005139,g7,train,0
G7_005503,g7,train,0
G7_002578,g7,train,0
G7_005934,g7,train,0
G7_004365,g7,train,0
G7_001807,g7,train,0
G7_005767,g7,train,0
G7_006377,g7,train,0
G7_003333,g7,train,0
G7_005375,g7,train,0
G7_005299,g7,train,0
G7_001892,g7,train,0
G7_007227,g7,train,0
G7_003485,g7,train,0
G7_001720,g7,train,0
G7_005132,g7,train,0
G7_001013,g7,train,0
G7_004983,g7,train,0
G7_003469,g7,train,0
G7_005768,g7,train,0
G7_004927,g7,train,0
G7_001690,g7,train,0
G7_000954,g7,train,0
G7_004797,g7,train,0
G7_003592,g7,train,0
G7_004738,g7,train,0
G7_006319,g7,train,0
G7_000007,g7,train,0
G7_001075,g7,train,0
G7_001129,g7,train,0
G7_003417,g7,train,0
G7_005390,g7,train,0
G7_006143,g7,train,0
G7_004297,g7,train,0
G7_006215,g7,train,0
G7_000557,g7,train,0
G7_004229,g7,train,0
G7_006807,g7,train,0
G7_001568,g7,train,0
G7_002349,g7,train,0
G7_005819,g7,train,0
G7_002018,g7,train,0
G7_000129,g7,train,0
G7_005052,g7,train,0
G7_004137,g7,train,0
G7_002228,g7,train,0
G7_005381,g7,train,0
G7_005596,g7,train,0
G7_006075,g7,train,0
G7_003763,g7,train,0
G7_006359,g7,train,0
G7_002966,g7,train,0
G7_000440,g7,train,0
G7_000684,g7,train,0
G7_002624,g7,train,0
G7_003871,g7,train,0
G7_002873,g7,train,0
G7_001323,g7,train,0
G7_001342,g7,train,0
G7_005870,g7,train,0
G7_004548,g7,train,0
G7_000740,g7,train,0
G7_003728,g7,train,0
G7_001246,g7,train,0
G7_001713,g7,train,0
G7_006456,g7,train,0
G7_005939,g7,train,0
G7_001468,g7,train,0
G7_004481,g7,train,0
G7_001177,g7,train,0
G7_003165,g7,train,0
G7_007245,g7,train,0
G7_004200,g7,train,0
G7_006922,g7,train,0
G7_007123,g7,train,0
G7_000799,g7,train,0
G7_006838,g7,train,0
G7_006654,g7,train,0
G7_005822,g7,train,0
G7_001603,g7,train,0
G7_005813,g7,train,0
G7_002034,g7,train,0
G7_002354,g7,train,0
G7_002260,g7,train,0
G7_001045,g7,train,0
G7_001851,g7,train,0
G7_005310,g7,train,0
G7_004299,g7,train,0
G7_004883,g7,train,0
G7_004400,g7,train,0
G7_000919,g7,train,0
G7_004141,g7,train,0
G7_006235,g7,train,0
G7_000756,g7,train,0
G7_006814,g7,train,0
G7_003870,g7,train,0
G7_005515,g7,train,0
G7_005137,g7,train,0
G7_004874,g7,train,0
G7_000600,g7,train,0
G7_001924,g7,train,0
G7_002173,g7,train,0
G7_001411,g7,train,0
G7_005480,g7,train,0
G7_006251,g7,train,0
G7_001109,g7,train,0
G7_006156,g7,train,0
G7_002732,g7,train,0
G7_006519,g7,train,0
G7_006087,g7,train,0
G7_004665,g7,train,0
G7_004478,g7,train,0
G7_002184,g7,train,0
G7_001742,g7,train,0
G7_003991,g7,train,0
G7_004075,g7,train,0
G7_000879,g7,train,0
G7_005338,g7,train,0
G7_002369,g7,train,0
G7_004204,g7,train,0
G7_002582,g7,train,0
G7_006070,g7,train,0
G7_006747,g7,train,0
G7_002779,g7,train,0
G7_005377,g7,train,0
G7_006843,g7,train,0
G7_002809,g7,train,0
G7_007144,g7,train,0
G7_004506,g7,train,0
G7_003913,g7,train,0
G7_003985,g7,train,0
G7_000704,g7,train,0
G7_002436,g7,train,0
G7_001960,g7,train,0
G7_001680,g7,train,0
G7_001184,g7,train,0
G7_004263,g7,train,0
G7_006816,g7,train,0
G7_001058,g7,train,0
G7_001080,g7,train,0
G7_002606,g7,train,0
G7_007207,g7,train,0
G7_003623,g7,train,0
G7_002417,g7,train,0
G7_003145,g7,train,0
G7_005647,g7,train,0
G7_001606,g7,train,0
G7_002195,g7,train,0
G7_003216,g7,train,0
G7_000846,g7,train,0
G7_005558,g7,train,0
G7_003709,g7,train,0
G7_002854,g7,train,0
G7_001957,g7,train,0
G7_006997,g7,train,0
G7_005397,g7,train,0
G7_000602,g7,train,0
G7_001508,g7,train,0
G7_006089,g7,train,0
G7_003398,g7,train,0
G7_003688,g7,train,0
G7_002265,g7,train,0
G7_003675,g7,train,0
G7_001130,g7,train,0
G7_004646,g7,train,0
G7_001340,g7,train,0
G7_000315,g7,train,0
G7_004939,g7,train,0
G7_001845,g7,train,0
G7_006683,g7,train,0
G7_001351,g7,train,0
G7_000318,g7,train,0
G7_005027,g7,train,0
G7_004601,g7,train,0
G7_002179,g7,train,0
G7_005672,g7,train,0
G7_003357,g7,train,0
G7_005355,g7,train,0
G7_002875,g7,train,0
G7_002897,g7,train,0
G7_006012,g7,train,0
G7_002764,g7,train,0
G7_004367,g7,train,0
G7_003848,g7,train,0
G7_000884,g7,train,0
G7_001208,g7,train,0
G7_006137,g7,train,0
G7_006069,g7,train,0
G7_001607,g7,train,0
G7_004062,g7,train,0
G7_003155,g7,train,0
G7_002224,g7,train,0
G7_003775,g7,train,0
G7_005193,g7,train,0
G7_002104,g7,train,0
G7_003112,g7,train,0
G7_000268,g7,train,0
G7_005371,g7,train,0
G7_002666,g7,train,0
G7_004653,g7,train,0
G7_003585,g7,train,0
G7_005024,g7,train,0
G7_000227,g7,train,0
G7_004392,g7,train,0
G7_001037,g7,train,0
G7_002517,g7,train,0
G7_004866,g7,train,0
G7_006127,g7,train,0
G7_000520,g7,train,0
G7_006332,g7,train,0
G7_005421,g7,train,0
G7_003395,g7,train,0
G7_000945,g7,train,0
G7_003999,g7,train,0
G7_006178,g7,train,0
G7_003875,g7,train,0
G7_001241,g7,train,0
G7_005706,g7,train,0
G7_004498,g7,train,0
G7_003986,g7,train,0
G7_000313,g7,train,0
G7_005661,g7,train,0
G7_000366,g7,train,0
G7_002547,g7,train,0
G7_006180,g7,train,0
G7_004846,g7,train,0
G7_004709,g7,train,0
G7_005278,g7,train,0
G7_003738,g7,train,0
G7_003473,g7,train,0
G7_005663,g7,train,0
G7_003030,g7,train,0
G7_003576,g7,train,0
G7_000580,g7,train,0
G7_003826,g7,train,0
G7_001258,g7,train,0
G7_003593,g7,train,0
G7_003781,g7,train,0
G7_000230,g7,train,0
G7_000967,g7,train,0
G7_002017,g7,train,0
G7_003257,g7,train,0
G7_005287,g7,train,0
G7_002878,g7,train,0
G7_006203,g7,train,0
G7_003662,g7,train,0
G7_006598,g7,train,0
G7_005388,g7,train,0
G7_004637,g7,train,0
G7_003981,g7,train,0
G7_001712,g7,train,0
G7_005240,g7,train,0
G7_001848,g7,train,0
G7_006357,g7,train,0
G7_005498,g7,train,0
G7_002748,g7,train,0
G7_004764,g7,train,0
G7_005281,g7,train,0
G7_002350,g7,train,0
G7_000482,g7,train,0
G7_002869,g7,train,0
G7_006881,g7,train,0
G7_002604,g7,train,0
G7_001471,g7,train,0
G7_005501,g7,train,0
G7_000538,g7,train,0
G7_005490,g7,train,0
G7_001548,g7,train,0
G7_006766,g7,train,0
G7_003218,g7,train,0
G7_001585,g7,train,0
G7_005696,g7,train,0
G7_006923,g7,train,0
G7_005910,g7,train,0
G7_006191,g7,train,0
G7_000957,g7,train,0
G7_005006,g7,train,0
G7_003634,g7,train,0
G7_005587,g7,train,0
G7_003636,g7,train,0
G7_003291,g7,train,0
G7_006193,g7,train,0
G7_000635,g7,train,0
G7_005170,g7,train,0
G7_000742,g7,train,0
G7_003828,g7,train,0
G7_002307,g7,train,0
G7_005699,g7,train,0
G7_004805,g7,train,0
G7_004120,g7,train,0
G7_004357,g7,train,0
G7_000825,g7,train,0
G7_005264,g7,train,0
G7_003169,g7,train,0
G7_006046,g7,train,0
G7_004529,g7,train,0
G7_003222,g7,train,0
G7_005423,g7,train,0
G7_006380,g7,train,0
G7_002250,g7,train,0
G7_001677,g7,train,0
G7_001101,g7,train,0
G7_003133,g7,train,0
G7_005008,g7,train,0
G7_001586,g7,train,0
G7_000166,g7,train,0
G7_003515,g7,train,0
G7_000384,g7,train,0
G7_006483,g7,train,0
G7_002741,g7,train,0
G7_005743,g7,train,0
G7_004642,g7,train,0
G7_002587,g7,train,0
G7_005659,g7,train,0
G7_006572,g7,train,0
G7_004565,g7,train,0
G7_005666,g7,train,0
G7_001273,g7,train,0
G7_001383,g7,train,0
G7_004559,g7,train,0
G7_000319,g7,train,0
G7_000820,g7,train,0
G7_001111,g7,train,0
G7_005050,g7,train,0
G7_004068,g7,train,0
G7_000200,g7,train,0
G7_007170,g7,train,0
G7_000068,g7,train,0
G7_000488,g7,train,0
G7_004213,g7,train,0
G7_003943,g7,train,0
G7_002011,g7,train,0
G7_001538,g7,train,0
G7_001656,g7,train,0
G7_002909,g7,train,0
G7_005775,g7,train,0
G7_003658,g7,train,0
G7_004996,g7,train,0
G7_002160,g7,train,0
G7_003447,g7,train,0
G7_003451,g7,train,0
G7_002200,g7,train,0
G7_001147,g7,train,0
G7_003915,g7,train,0
G7_001009,g7,train,0
G7_004772,g7,train,0
G7_000776,g7,train,0
G7_003706,g7,train,0
G7_002433,g7,train,0
G7_004596,g7,train,0
G7_005905,g7,train,0
G7_005536,g7,train,0
G7_004285,g7,train,0
G7_001166,g7,train,0
G7_006511,g7,train,0
G7_003698,g7,train,0
G7_003460,g7,train,0
G7_000530,g7,train,0
G7_001382,g7,train,0
G7_002457,g7,train,0
G7_003581,g7,train,0
G7_005079,g7,train,0
G7_001392,g7,train,0
G7_005807,g7,train,0
G7_000927,g7,train,0
G7_006917,g7,train,0
G7_001553,g7,train,0
G7_000437,g7,train,0
G7_006461,g7,train,0
G7_007045,g7,train,0
G7_005967,g7,train,0
G7_005557,g7,train,0
G7_006996,g7,train,0
G7_001901,g7,train,0
G7_001402,g7,train,0
G7_006197,g7,train,0
G7_006693,g7,train,0
G7_001254,g7,train,0
G7_003734,g7,train,0
G7_002747,g7,train,0
G7_000851,g7,train,0
G7_004164,g7,train,0
G7_000388,g7,train,0
G7_002029,g7,train,0
G7_004190,g7,train,0
G7_005725,g7,train,0
G7_006124,g7,train,0
G7_003955,g7,train,0
G7_006964,g7,train,0
G7_002910,g7,train,0
G7_001035,g7,train,0
G7_001461,g7,train,0
G7_001235,g7,train,0
G7_003567,g7,train,0
G7_005470,g7,train,0
G7_005750,g7,train,0
G7_007105,g7,train,0
G7_002879,g7,train,0
G7_000765,g7,train,0
G7_000872,g7,train,0
G7_006071,g7,train,0
G7_006393,g7,train,0
G7_006910,g7,train,0
G7_002060,g7,train,0
G7_003785,g7,train,0
G7_004386,g7,train,0
G7_002836,g7,train,0
G7_001439,g7,train,0
G7_003702,g7,train,0
G7_001225,g7,train,0
G7_000994,g7,train,0
G7_003328,g7,train,0
G7_002846,g7,train,0
G7_002639,g7,train,0
G7_005017,g7,train,0
G7_002128,g7,train,0
G7_001759,g7,train,0
G7_003564,g7,train,0
G7_005425,g7,train,0
G7_000508,g7,train,0
G7_005973,g7,train,0
G7_002790,g7,train,0
G7_005179,g7,train,0
G7_003031,g7,train,0
G7_001524,g7,train,0
G7_000594,g7,train,0
G7_002858,g7,train,0
G7_002221,g7,train,0
G7_001714,g7,train,0
G7_003873,g7,train,0
G7_000263,g7,train,0
G7_000069,g7,train,0
G7_004479,g7,train,0
G7_006101,g7,train,0
G7_002027,g7,train,0
G7_006053,g7,train,0
G7_001514,g7,train,0
G7_007250,g7,train,0
G7_001307,g7,train,0
G7_007044,g7,train,0
G7_006995,g7,train,0
G7_002109,g7,train,0
G7_006317,g7,train,0
G7_006932,g7,train,0
G7_002866,g7,train,0
G7_005677,g7,train,0
G7_005824,g7,train,0
G7_003437,g7,train,0
G7_000926,g7,train,0
G7_003565,g7,train,0
G7_006006,g7,train,0
G7_003849,g7,train,0
G7_003330,g7,train,0
G7_005121,g7,train,0
G7_001332,g7,train,0
G7_007211,g7,train,0
G7_005028,g7,train,0
G7_004133,g7,train,0
G7_000703,g7,train,0
G7_006324,g7,train,0
G7_002406,g7,train,0
G7_006297,g7,train,0
G7_002576,g7,train,0
G7_006421,g7,train,0
G7_002084,g7,train,0
G7_004626,g7,train,0
G7_004716,g7,train,0
G7_001546,g7,train,0
G7_001619,g7,train,0
G7_005586,g7,train,0
G7_003984,g7,train,0
G7_006326,g7,train,0
G7_000423,g7,train,0
G7_003573,g7,train,0
G7_006566,g7,train,0
G7_007033,g7,train,0
G7_003076,g7,train,0
G7_005516,g7,train,0
G7_005274,g7,train,0
G7_004019,g7,train,0
G7_002936,g7,train,0
G7_000453,g7,train,0
G7_005846,g7,train,0
G7_003350,g7,train,0
G7_006208,g7,train,0
G7_004454,g7,train,0
G7_005572,g7,train,0
G7_005303,g7,train,0
G7_004305,g7,train,0
G7_004092,g7,train,0
G7_000770,g7,train,0
G7_007007,g7,train,0
G7_006593,g7,train,0
G7_007059,g7,train,0
G7_004777,g7,train,0
G7_000901,g7,train,0
G7_006965,g7,train,0
G7_003510,g7,train,0
G7_003067,g7,train,0
G7_001884,g7,train,0
G7_005931,g7,train,0
G7_002806,g7,train,0
G7_002039,g7,train,0
G7_007062,g7,train,0
G7_006655,g7,train,0
G7_005575,g7,train,0
G7_006494,g7,train,0
G7_001278,g7,train,0
G7_002636,g7,train,0
G7_006612,g7,train,0
G7_002439,g7,train,0
G7_004009,g7,train,0
G7_003901,g7,train,0
G7_000706,g7,train,0
G7_004148,g7,train,0
G7_007217,g7,train,0
G7_005217,g7,train,0
G7_002868,g7,train,0
G7_003306,g7,train,0
G7_003808,g7,train,0
G7_001188,g7,train,0
G7_007265,g7,train,0
G7_000608,g7,train,0
G7_001942,g7,train,0
G7_003324,g7,train,0
G7_006806,g7,train,0
G7_003920,g7,train,0
G7_001364,g7,train,0
G7_005945,g7,train,0
G7_003672,g7,train,0
G7_000464,g7,train,0
G7_003519,g7,train,0
G7_000353,g7,train,0
G7_006358,g7,train,0
G7_007080,g7,train,0
G7_001906,g7,train,0
G7_001186,g7,train,0
G7_002239,g7,train,0
G7_005248,g7,train,0
G7_000940,g7,train,0
G7_003846,g7,train,0
G7_004687,g7,train,0
G7_004619,g7,train,0
G7_000641,g7,train,0
G7_001860,g7,train,0
G7_003520,g7,train,0
G7_005033,g7,train,0
G7_002838,g7,train,0
G7_002190,g7,train,0
G7_006526,g7,train,0
G7_000572,g7,train,0
G7_000739,g7,train,0
G7_003486,g7,train,0
G7_006990,g7,train,0
G7_006077,g7,train,0
G7_007031,g7,train,0
G7_004631,g7,train,0
G7_004954,g7,train,0
G7_000690,g7,train,0
G7_000323,g7,train,0
G7_003355,g7,train,0
G7_005906,g7,train,0
G7_002548,g7,train,0
G7_006000,g7,train,0
G7_003192,g7,train,0
G7_001650,g7,train,0
G7_004557,g7,train,0
G7_001345,g7,train,0
G7_002473,g7,train,0
G7_007130,g7,train,0
G7_001440,g7,train,0
G7_002363,g7,train,0
G7_002449,g7,train,0
G7_002194,g7,train,0
G7_004031,g7,train,0
G7_002177,g7,train,0
G7_004950,g7,train,0
G7_003287,g7,train,0
G7_001543,g7,train,0
G7_006665,g7,train,0
G7_003974,g7,train,0
G7_004091,g7,train,0
G7_003176,g7,train,0
G7_006170,g7,train,0
G7_005854,g7,train,0
G7_006946,g7,train,0
G7_006911,g7,train,0
G7_002192,g7,train,0
G7_006769,g7,train,0
G7_000664,g7,train,0
G7_002847,g7,train,0
G7_006030,g7,train,0
G7_002042,g7,train,0
G7_000439,g7,train,0
G7_002148,g7,train,0
G7_000385,g7,train,0
G7_002594,g7,train,0
G7_000103,g7,train,0
G7_000390,g7,train,0
G7_000878,g7,train,0
G7_003975,g7,train,0
G7_001233,g7,train,0
G7_003470,g7,train,0
G7_003678,g7,train,0
G7_000709,g7,train,0
G7_003301,g7,train,0
G7_000717,g7,train,0
G7_003559,g7,train,0
G7_003718,g7,train,0
G7_007101,g7,train,0
G7_006015,g7,train,0
G7_000398,g7,train,0
G7_000481,g7,train,0
G7_002610,g7,train,0
G7_001492,g7,train,0
G7_002407,g7,train,0
G7_000148,g7,train,0
G7_007110,g7,train,0
G7_005754,g7,train,0
G7_000958,g7,train,0
G7_000165,g7,train,0
G7_006295,g7,train,0
G7_000351,g7,train,0
G7_003754,g7,train,0
G7_000696,g7,train,0
G7_002524,g7,train,0
G7_001252,g7,train,0
G7_006212,g7,train,0
G7_001490,g7,train,0
G7_003364,g7,train,0
G7_000097,g7,train,0
G7_004816,g7,train,0
G7_007008,g7,train,0
G7_001748,g7,train,0
G7_000051,g7,train,0
G7_001582,g7,train,0
G7_002446,g7,train,0
G7_006223,g7,train,0
G7_007112,g7,train,0
G7_002376,g7,train,0
G7_001918,g7,train,0
G7_000339,g7,train,0
G7_001521,g7,train,0
G7_006733,g7,train,0
G7_006415,g7,train,0
G7_001275,g7,train,0
G7_006891,g7,train,0
G7_003329,g7,train,0
G7_004393,g7,train,0
G7_006434,g7,train,0
G7_002402,g7,train,0
G7_003129,g7,train,0
G7_005205,g7,train,0
G7_004625,g7,train,0
G7_003574,g7,train,0
G7_005231,g7,train,0
G7_006460,g7,train,0
G7_003722,g7,train,0
G7_004003,g7,train,0
G7_000598,g7,train,0
G7_004161,g7,train,0
G7_003507,g7,train,0
G7_001875,g7,train,0
G7_006420,g7,train,0
G7_005579,g7,train,0
G7_004021,g7,train,0
G7_002845,g7,train,0
G7_005966,g7,train,0
G7_005509,g7,train,0
G7_006596,g7,train,0
G7_005286,g7,train,0
G7_003464,g7,train,0
G7_003411,g7,train,0
G7_003825,g7,train,0
G7_005942,g7,train,0
G7_004415,g7,train,0
G7_002097,g7,train,0
G7_002368,g7,train,0
G7_001657,g7,train,0
G7_000615,g7,train,0
G7_004453,g7,train,0
G7_000545,g7,train,0
G7_005553,g7,train,0
G7_006532,g7,train,0
G7_005978,g7,train,0
G7_007216,g7,train,0
G7_006503,g7,train,0
G7_002235,g7,train,0
G7_001574,g7,train,0
G7_005569,g7,train,0
G7_002292,g7,train,0
G7_003135,g7,train,0
G7_001165,g7,train,0
G7_004873,g7,train,0
G7_005879,g7,train,0
G7_006737,g7,train,0
G7_006376,g7,train,0
G7_001447,g7,train,0
G7_001996,g7,train,0
G7_003382,g7,train,0
G7_001335,g7,train,0
G7_004349,g7,train,0
G7_000981,g7,train,0
G7_001850,g7,train,0
G7_000325,g7,train,0
G7_006640,g7,train,0
G7_000544,g7,train,0
G7_002927,g7,train,0
G7_000672,g7,train,0
G7_000561,g7,train,0
G7_004070,g7,train,0
G7_005716,g7,train,0
G7_002101,g7,train,0
G7_001773,g7,train,0
G7_006558,g7,train,0
G7_004582,g7,train,0
G7_003505,g7,train,0
G7_005399,g7,train,0
G7_007090,g7,train,0
G7_002667,g7,train,0
G7_007020,g7,train,0
G7_000000,g7,train,0
G7_001628,g7,train,0
G7_005036,g7,train,0
G7_007232,g7,train,0
G7_005309,g7,train,0
G7_002844,g7,train,0
G7_005646,g7,train,0
G7_004540,g7,train,0
G7_000649,g7,train,0
G7_006700,g7,train,0
G7_003243,g7,train,0
G7_004606,g7,train,0
G7_006219,g7,train,0
G7_004477,g7,train,0
G7_005999,g7,train,0
G7_003512,g7,train,0
G7_002269,g7,train,0
G7_005002,g7,train,0
G7_001788,g7,train,0
G7_001127,g7,train,0
G7_004094,g7,train,0
G7_001698,g7,train,0
G7_003250,g7,train,0
G7_002808,g7,train,0
G7_005269,g7,train,0
G7_007181,g7,train,0
G7_005473,g7,train,0
G7_001056,g7,train,0
G7_004739,g7,train,0
G7_006018,g7,train,0
G7_005604,g7,train,0
G7_006818,g7,train,0
G7_005057,g7,train,0
G7_006735,g7,train,0
G7_004633,g7,train,0
G7_006138,g7,train,0
G7_004377,g7,train,0
G7_004745,g7,train,0
G7_006907,g7,train,0
G7_003050,g7,train,0
G7_000591,g7,train,0
G7_001700,g7,train,0
G7_006028,g7,train,0
G7_005164,g7,train,0
G7_003654,g7,train,0
G7_001693,g7,train,0
G7_003266,g7,train,0
G7_002615,g7,train,0
G7_006856,g7,train,0
G7_003032,g7,train,0
G7_000116,g7,train,0
G7_004770,g7,train,0
G7_001627,g7,train,0
G7_000045,g7,train,0
G7_004144,g7,train,0
G7_005961,g7,train,0
G7_002327,g7,train,0
G7_003723,g7,train,0
G7_003089,g7,train,0
G7_006265,g7,train,0
G7_001674,g7,train,0
G7_000829,g7,train,0
G7_003100,g7,train,0
G7_000028,g7,train,0
G7_006708,g7,train,0
G7_001120,g7,train,0
G7_004443,g7,train,0
G7_002675,g7,train,0
G7_000216,g7,train,0
G7_007027,g7,train,0
G7_006116,g7,train,0
G7_000463,g7,train,0
G7_005577,g7,train,0
G7_001834,g7,train,0
G7_006892,g7,train,0
G7_006217,g7,train,0
G7_006290,g7,train,0
G7_004095,g7,train,0
G7_000269,g7,train,0
G7_006335,g7,train,0
G7_004644,g7,train,0
G7_000688,g7,train,0
G7_002183,g7,train,0
G7_005127,g7,train,0
G7_002682,g7,train,0
G7_003399,g7,train,0
G7_006817,g7,train,0
G7_003579,g7,train,0
G7_006968,g7,train,0
G7_006045,g7,train,0
G7_003657,g7,train,0
G7_004419,g7,train,0
G7_001156,g7,train,0
G7_000722,g7,train,0
G7_006132,g7,train,0
G7_006198,g7,train,0
G7_005284,g7,train,0
G7_002496,g7,train,0
G7_003799,g7,train,0
G7_006160,g7,train,0
G7_006748,g7,train,0
G7_000343,g7,train,0
G7_004707,g7,train,0
G7_006091,g7,train,0
G7_002482,g7,train,0
G7_004474,g7,train,0
G7_000573,g7,train,0
G7_000685,g7,train,0
G7_004754,g7,train,0
G7_004682,g7,train,0
G7_005995,g7,train,0
G7_000871,g7,train,0
G7_005460,g7,train,0
G7_003205,g7,train,0
G7_005529,g7,train,0
G7_000866,g7,train,0
G7_006404,g7,train,0
G7_001040,g7,train,0
G7_005097,g7,train,0
G7_000009,g7,train,0
G7_004488,g7,train,0
G7_004691,g7,train,0
G7_000936,g7,train,0
G7_004333,g7,train,0
G7_006755,g7,train,0
G7_002164,g7,train,0
G7_005932,g7,train,0
G7_006356,g7,train,0
G7_005472,g7,train,0
G7_004370,g7,train,0
G7_000484,g7,train,0
G7_005613,g7,train,0
G7_001947,g7,train,0
G7_005507,g7,train,0
G7_001409,g7,train,0
G7_003456,g7,train,0
G7_006689,g7,train,0
G7_005644,g7,train,0
G7_003142,g7,train,0
G7_004608,g7,train,0
G7_003098,g7,train,0
G7_003931,g7,train,0
G7_005437,g7,train,0
G7_002425,g7,train,0
G7_006872,g7,train,0
G7_006901,g7,train,0
G7_003319,g7,train,0
G7_003548,g7,train,0
G7_002857,g7,train,0
G7_006506,g7,train,0
G7_002506,g7,train,0
G7_005228,g7,train,0
G7_004818,g7,train,0
G7_002125,g7,train,0
G7_004090,g7,train,0
G7_002253,g7,train,0
G7_003114,g7,train,0
G7_007255,g7,train,0
G7_003101,g7,train,0
G7_006661,g7,train,0
G7_004617,g7,train,0
G7_000273,g7,train,0
G7_005977,g7,train,0
G7_006140,g7,train,0
G7_003909,g7,train,0
G7_001251,g7,train,0
G7_006599,g7,train,0
G7_004314,g7,train,0
G7_001021,g7,train,0
G7_001253,g7,train,0
G7_000346,g7,train,0
G7_006337,g7,train,0
G7_006723,g7,train,0
G7_002944,g7,train,0
G7_004840,g7,train,0
G7_004007,g7,train,0
G7_002519,g7,train,0
G7_004080,g7,train,0
G7_003113,g7,train,0
G7_003704,g7,train,0
G7_006727,g7,train,0
G7_002677,g7,train,0
G7_007166,g7,train,0
G7_003082,g7,train,0
G7_005885,g7,train,0
G7_003272,g7,train,0
G7_002655,g7,train,0
G7_007040,g7,train,0
G7_000892,g7,train,0
G7_004963,g7,train,0
G7_004811,g7,train,0
G7_004713,g7,train,0
G7_002090,g7,train,0
G7_005686,g7,train,0
G7_001123,g7,train,0
G7_002669,g7,train,0
G7_005445,g7,train,0
G7_002837,g7,train,0
G7_007220,g7,train,0
G7_001236,g7,train,0
G7_001739,g7,train,0
G7_003897,g7,train,0
G7_000220,g7,train,0
G7_003298,g7,train,0
G7_001296,g7,train,0
G7_005216,g7,train,0
G7_000500,g7,train,0
G7_005709,g7,train,0
G7_000534,g7,train,0
G7_002132,g7,train,0
G7_000071,g7,train,0
G7_000407,g7,train,0
G7_000059,g7,train,0
G7_001797,g7,train,0
G7_005782,g7,train,0
G7_004861,g7,train,0
G7_003275,g7,train,0
G7_005581,g7,train,0
G7_004150,g7,train,0
G7_006072,g7,train,0
G7_000605,g7,train,0
G7_004241,g7,train,0
G7_007195,g7,train,0
G7_001959,g7,train,0
G7_004906,g7,train,0
G7_007142,g7,train,0
G7_005054,g7,train,0
G7_004903,g7,train,0
G7_004893,g7,train,0
G7_002887,g7,train,0
G7_006407,g7,train,0
G7_002605,g7,train,0
G7_006681,g7,train,0
G7_004731,g7,train,0
G7_005391,g7,train,0
G7_000023,g7,train,0
G7_006576,g7,train,0
G7_005964,g7,train,0
G7_006781,g7,train,0
G7_000387,g7,train,0
G7_005208,g7,train,0
G7_002052,g7,train,0
G7_006164,g7,train,0
G7_003481,g7,train,0
G7_006945,g7,train,0
G7_001777,g7,train,0
G7_000801,g7,train,0
G7_002351,g7,train,0
G7_006609,g7,train,0
G7_000468,g7,train,0
G7_004671,g7,train,0
G7_005039,g7,train,0
G7_004292,g7,train,0
G7_003729,g7,train,0
G7_003568,g7,train,0
G7_002048,g7,train,0
G7_007120,g7,train,0
G7_003700,g7,train,0
G7_001502,g7,train,0
G7_000195,g7,train,0
G7_003045,g7,train,0
G7_006767,g7,train,0
G7_005903,g7,train,0
G7_004530,g7,train,0
G7_000255,g7,train,0
G7_004823,g7,train,0
G7_006783,g7,train,0
G7_002092,g7,train,0
G7_006227,g7,train,0
G7_004084,g7,train,0
G7_007126,g7,train,0
G7_004571,g7,train,0
G7_004578,g7,train,0
G7_002294,g7,train,0
G7_005548,g7,train,0
G7_006450,g7,train,0
G7_006844,g7,train,0
G7_002851,g7,train,0
G7_000052,g7,train,0
G7_001669,g7,train,0
G7_001418,g7,train,0
G7_000707,g7,train,0
G7_006129,g7,train,0
G7_003570,g7,train,0
G7_002381,g7,train,0
G7_003766,g7,train,0
G7_001530,g7,train,0
G7_000099,g7,train,0
G7_001654,g7,train,0
G7_006221,g7,train,0
G7_006009,g7,train,0
G7_000797,g7,train,0
G7_004892,g7,train,0
G7_002919,g7,train,0
G7_001899,g7,train,0
G7_004171,g7,train,0
G7_004281,g7,train,0
G7_004634,g7,train,0
G7_002828,g7,train,0
G7_001660,g7,train,0
G7_005965,g7,train,0
G7_005455,g7,train,0
G7_006722,g7,train,0
G7_003334,g7,train,0
G7_002401,g7,train,0
G7_005778,g7,train,0
G7_005111,g7,train,0
G7_007270,g7,train,0
G7_001600,g7,train,0
G7_003610,g7,train,0
G7_002563,g7,train,0
G7_000150,g7,train,0
G7_001510,g7,train,0
G7_004699,g7,train,0
G7_005524,g7,train,0
G7_007116,g7,train,0
G7_002334,g7,train,0
G7_002248,g7,train,0
G7_005038,g7,train,0
G7_000900,g7,train,0
G7_002322,g7,train,0
G7_007292,g7,train,0
G7_001499,g7,train,0
G7_000677,g7,train,0
G7_000795,g7,train,0
G7_000924,g7,train,0
G7_003077,g7,train,0
G7_005528,g7,train,0
G7_004672,g7,train,0
G7_007146,g7,train,0
G7_002488,g7,train,0
G7_003518,g7,train,0
G7_000361,g7,train,0
G7_005897,g7,train,0
G7_007131,g7,train,0
G7_003122,g7,train,0
G7_001854,g7,train,0
G7_001260,g7,train,0
G7_000816,g7,train,0
G7_005776,g7,train,0
G7_005573,g7,train,0
G7_001279,g7,train,0
G7_004036,g7,train,0
G7_002777,g7,train,0
G7_001108,g7,train,0
G7_001257,g7,train,0
G7_005766,g7,train,0
G7_003074,g7,train,0
G7_001890,g7,train,0
G7_005109,g7,train,0
G7_001500,g7,train,0
G7_000431,g7,train,0
G7_001631,g7,train,0
G7_003265,g7,train,0
G7_000072,g7,train,0
G7_006970,g7,train,0
G7_006306,g7,train,0
G7_004457,g7,train,0
G7_000365,g7,train,0
G7_005793,g7,train,0
G7_007088,g7,train,0
G7_003126,g7,train,0
G7_006428,g7,train,0
G7_007010,g7,train,0
G7_000340,g7,train,0
G7_003338,g7,train,0
G7_001365,g7,train,0
G7_006742,g7,train,0
G7_001609,g7,train,0
G7_000514,g7,train,0
G7_003840,g7,train,0
G7_006444,g7,train,0
G7_005016,g7,train,0
G7_000063,g7,train,0
G7_005120,g7,train,0
G7_004966,g7,train,0
G7_000584,g7,train,0
G7_006038,g7,train,0
G7_002683,g7,train,0
G7_003014,g7,train,0
G7_002776,g7,train,0
G7_004666,g7,train,0
G7_001164,g7,train,0
G7_006517,g7,train,0
G7_007055,g7,train,0
G7_005106,g7,train,0
G7_002797,g7,train,0
G7_000344,g7,train,0
G7_007058,g7,train,0
G7_001921,g7,train,0
G7_004605,g7,train,0
G7_007037,g7,train,0
G7_005253,g7,train,0
G7_003487,g7,train,0
G7_005748,g7,train,0
G7_006938,g7,train,0
G7_005051,g7,train,0
G7_002564,g7,train,0
G7_005856,g7,train,0
G7_004276,g7,train,0
G7_004182,g7,train,0
G7_005191,g7,train,0
G7_000012,g7,train,0
G7_003495,g7,train,0
G7_001666,g7,train,0
G7_002812,g7,train,0
G7_001597,g7,train,0
G7_007277,g7,train,0
G7_001930,g7,train,0
G7_006199,g7,train,0
G7_007100,g7,train,0
G7_004580,g7,train,0
G7_004044,g7,train,0
G7_003388,g7,train,0
G7_003396,g7,train,0
G7_006753,g7,train,0
G7_003844,g7,train,0
G7_006282,g7,train,0
G7_002649,g7,train,0
G7_002959,g7,train,0
G7_000441,g7,train,0
G7_003245,g7,train,0
G7_006804,g7,train,0
G7_004723,g7,train,0
G7_005151,g7,train,0
G7_005913,g7,train,0
G7_000671,g7,train,0
G7_006823,g7,train,0
G7_007092,g7,train,0
G7_004997,g7,train,0
G7_006906,g7,train,0
G7_003821,g7,train,0
G7_002107,g7,train,0
G7_002923,g7,train,0
G7_002674,g7,train,0
G7_003220,g7,train,0
G7_005708,g7,train,0
G7_001588,g7,train,0
G7_002778,g7,train,0
G7_003228,g7,train,0
G7_002062,g7,train,0
G7_001622,g7,train,0
G7_005135,g7,train,0
G7_000157,g7,train,0
G7_001089,g7,train,0
G7_007219,g7,train,0
G7_003788,g7,train,0
G7_006022,g7,train,0
G7_007290,g7,train,0
G7_006822,g7,train,0
G7_002824,g7,train,0
G7_002904,g7,train,0
G7_003360,g7,train,0
G7_006464,g7,train,0
G7_003430,g7,train,0
G7_004202,g7,train,0
G7_006821,g7,train,0
G7_007213,g7,train,0
G7_006953,g7,train,0
G7_004564,g7,train,0
G7_004223,g7,train,0
G7_003143,g7,train,0
G7_001394,g7,train,0
G7_001730,g7,train,0
G7_001301,g7,train,0
G7_003080,g7,train,0
G7_001419,g7,train,0
G7_006135,g7,train,0
G7_005814,g7,train,0
G7_002539,g7,train,0
G7_004382,g7,train,0
G7_001207,g7,train,0
G7_005318,g7,train,0
G7_000091,g7,train,0
G7_000506,g7,train,0
G7_001641,g7,train,0
G7_003643,g7,train,0
G7_001818,g7,train,0
G7_003810,g7,train,0
G7_005669,g7,train,0
G7_001968,g7,train,0
G7_003197,g7,train,0
G7_005698,g7,train,0
G7_001673,g7,train,0
G7_006381,g7,train,0
G7_005420,g7,train,0
G7_006889,g7,train,0
G7_006730,g7,train,0
G7_005297,g7,train,0
G7_000701,g7,train,0
G7_000094,g7,train,0
G7_003488,g7,train,0
G7_005676,g7,train,0
G7_003831,g7,train,0
G7_003286,g7,train,0
G7_000125,g7,train,0
G7_002278,g7,train,0
G7_001410,g7,train,0
G7_002998,g7,train,0
G7_005970,g7,train,0
G7_000565,g7,train,0
G7_005005,g7,train,0
G7_000715,g7,train,0
G7_002012,g7,train,0
G7_003029,g7,train,0
G7_000259,g7,train,0
G7_006430,g7,train,0
G7_005256,g7,train,0
G7_006513,g7,train,0
G7_003441,g7,train,0
G7_003055,g7,train,0
G7_001329,g7,train,0
G7_000213,g7,train,0
G7_004880,g7,train,0
G7_000126,g7,train,0
G7_003731,g7,train,0
G7_002738,g7,train,0
G7_006323,g7,train,0
G7_004630,g7,train,0
G7_000288,g7,train,0
G7_007174,g7,train,0
G7_002215,g7,train,0
G7_002346,g7,train,0
G7_006017,g7,train,0
G7_000119,g7,train,0
G7_002820,g7,train,0
G7_001032,g7,train,0
G7_004221,g7,train,0
G7_001456,g7,train,0
G7_004335,g7,train,0
G7_004352,g7,train,0
G7_002106,g7,train,0
G7_005059,g7,train,0
G7_006555,g7,train,0
G7_004693,g7,train,0
G7_000104,g7,train,0
G7_006967,g7,train,0
G7_001373,g7,train,0
G7_002644,g7,train,0
G7_001916,g7,train,0
G7_002008,g7,train,0
G7_003491,g7,train,0
G7_005268,g7,train,0
G7_004025,g7,train,0
G7_003172,g7,train,0
G7_006550,g7,train,0
G7_001612,g7,train,0
G7_005229,g7,train,0
G7_006130,g7,train,0
G7_005838,g7,train,0
G7_006557,g7,train,0
G7_000923,g7,train,0
G7_003587,g7,train,0
G7_004957,g7,train,0
G7_003721,g7,train,0
G7_006652,g7,train,0
G7_003246,g7,train,0
G7_004965,g7,train,0
G7_007149,g7,train,0
G7_002335,g7,train,0
G7_003125,g7,train,0
G7_004209,g7,train,0
G7_002479,g7,train,0
G7_001102,g7,train,0
G7_000539,g7,train,0
G7_006591,g7,train,0
G7_005539,g7,train,0
G7_004447,g7,train,0
G7_006792,g7,train,0
G7_000289,g7,train,0
G7_004222,g7,train,0
G7_006074,g7,train,0
G7_001715,g7,train,0
G7_000093,g7,train,0
G7_004408,g7,train,0
G7_004980,g7,train,0
G7_002020,g7,train,0
G7_002670,g7,train,0
G7_001888,g7,train,0
G7_001469,g7,train,0
G7_006151,g7,train,0
G7_006250,g7,train,0
G7_003389,g7,train,0
G7_000428,g7,train,0
G7_005591,g7,train,0
G7_004577,g7,train,0
G7_000075,g7,train,0
G7_003745,g7,train,0
G7_000529,g7,train,0
G7_001047,g7,train,0
G7_007091,g7,train,0
G7_007125,g7,train,0
G7_006575,g7,train,0
G7_000412,g7,train,0
G7_004430,g7,train,0
G7_006442,g7,train,0
G7_005538,g7,train,0
G7_006853,g7,train,0
G7_006573,g7,train,0
G7_004523,g7,train,0
G7_006397,g7,train,0
G7_002963,g7,train,0
G7_000559,g7,train,0
G7_005704,g7,train,0
G7_006501,g7,train,0
G7_000629,g7,train,0
G7_001909,g7,train,0
G7_005372,g7,train,0
G7_003177,g7,train,0
G7_000947,g7,train,0
G7_006788,g7,train,0
G7_005746,g7,train,0
G7_006289,g7,train,0
G7_004762,g7,train,0
G7_004976,g7,train,0
G7_000767,g7,train,0
G7_006847,g7,train,0
G7_002935,g7,train,0
G7_004629,g7,train,0
G7_004541,g7,train,0
G7_005952,g7,train,0
G7_004810,g7,train,0
G7_003027,g7,train,0
G7_006328,g7,train,0
G7_002498,g7,train,0
G7_004817,g7,train,0
G7_001932,g7,train,0
G7_000838,g7,train,0
G7_004544,g7,train,0
G7_004360,g7,train,0
G7_006770,g7,train,0
G7_002193,g7,train,0
G7_003687,g7,train,0
G7_002562,g7,train,0
G7_002800,g7,train,0
G7_000095,g7,train,0
G7_002925,g7,train,0
G7_000393,g7,train,0
G7_002685,g7,train,0
G7_001945,g7,train,0
G7_003015,g7,train,0
G7_001808,g7,train,0
G7_005214,g7,train,0
G7_004528,g7,train,0
G7_002123,g7,train,0
G7_000369,g7,train,0
G7_002515,g7,train,0
G7_004424,g7,train,0
G7_005237,g7,train,0
G7_007139,g7,train,0
G7_003551,g7,train,0
G7_004085,g7,train,0
G7_006738,g7,train,0
G7_003537,g7,train,0
G7_000537,g7,train,0
G7_002474,g7,train,0
G7_002071,g7,train,0
G7_000381,g7,train,0
G7_003251,g7,train,0
G7_003758,g7,train,0
G7_000908,g7,train,0
G7_004988,g7,train,0
G7_000374,g7,train,0
G7_001238,g7,train,0
G7_003282,g7,train,0
G7_005400,g7,train,0
G7_002690,g7,train,0
G7_006339,g7,train,0
G7_002150,g7,train,0
G7_005456,g7,train,0
G7_001595,g7,train,0
G7_002641,g7,train,0
G7_000499,g7,train,0
G7_005583,g7,train,0
G7_006152,g7,train,0
G7_003436,g7,train,0
G7_006656,g7,train,0
G7_003914,g7,train,0
G7_006019,g7,train,0
G7_002296,g7,train,0
G7_003339,g7,train,0
G7_006271,g7,train,0
G7_003258,g7,train,0
G7_000175,g7,train,0
G7_001277,g7,train,0
G7_003602,g7,train,0
G7_006991,g7,train,0
G7_000716,g7,train,0
G7_002348,g7,train,0
G7_005522,g7,train,0
G7_004913,g7,train,0
G7_000112,g7,train,0
G7_002642,g7,train,0
G7_004358,g7,train,0
G7_001417,g7,train,0
G7_001313,g7,train,0
G7_003934,g7,train,0
G7_005802,g7,train,0
G7_000395,g7,train,0
G7_004752,g7,train,0
G7_003983,g7,train,0
G7_006176,g7,train,0
G7_001831,g7,train,0
G7_005844,g7,train,0
G7_003939,g7,train,0
G7_003769,g7,train,0
G7_006079,g7,train,0
G7_003566,g7,train,0
G7_003598,g7,train,0
G7_000941,g7,train,0
G7_004087,g7,train,0
G7_000560,g7,train,0
G7_004265,g7,train,0
G7_001694,g7,train,0
G7_003375,g7,train,0
G7_004071,g7,train,0
G7_005880,g7,train,0
G7_000302,g7,train,0
G7_003968,g7,train,0
G7_005428,g7,train,0
G7_002520,g7,train,0
G7_005394,g7,train,0
G7_000975,g7,train,0
G7_006899,g7,train,0
G7_001551,g7,train,0
G7_000997,g7,train,0
G7_003516,g7,train,0
G7_000487,g7,train,0
G7_002950,g7,train,0
G7_006662,g7,train,0
G7_002229,g7,train,0
G7_005809,g7,train,0
G7_004106,g7,train,0
G7_005227,g7,train,0
E4_TGT013_1_09,f6,val,1
E3_H11833_TGT007_0002,f6,val,1
E4_TGT012_2_05,f6,val,1
E4_TGT005_1_06,f6,val,1
E3_H11833_TGT007_0004,f6,val,1
E3_H11833_TGT010_0009,f6,val,1
E4_TGT015_2_03,f6,val,1
E3_H11833_TGT010_0015,f6,val,1
E4_TGT011_1_07,f6,val,1
E3_H11833_TGT012_0007,f6,val,1
E4_TGT005_2_07,f6,val,1
E4_TGT008_2_07,f6,val,1
E4_TGT014_1_06,f6,val,1
E4_TGT017_1_03,f6,val,1
E3_H11833_TGT017_0001,f6,val,1
E4_TGT002_2_06,f6,val,1
E4_TGT002_2_08,f6,val,1
E4_TGT005_1_02,f6,val,1
E4_TGT012_1_07,f6,val,1
E3_H11833_TGT004_0002,f6,val,1
E4_TGT012_1_01,f6,val,1
H11833_000042,f6,val,1
E4_TGT002_1_09,f6,val,1
E4_TGT006_2_06,f6,val,1
E3_H11833_TGT007_0003,f6,val,1
E3_H11833_TGT012_0002,f6,val,1
E4_TGT002_1_03,f6,val,1
E4_TGT009_2_04,f6,val,1
E3_H11833_TGT014_0001,f6,val,1
E3_H11833_TGT011_0013,f6,val,1
E3_H11833_TGT005_0005,f6,val,1
E4_TGT016_1_01,f6,val,1
E3_H11833_TGT013_0010,f6,val,1
H11833_000120,f6,val,1
E3_H11833_TGT006_0015,f6,val,1
E3_H11833_TGT016_0002,f6,val,1
E3_H11833_TGT003_0014,f6,val,1
E3_H11833_TGT004_0004,f6,val,1
H11833_000101,f6,val,1
E4_TGT010_2_05,f6,val,1
E3_H11833_TGT002_0003,f6,val,1
H11833_000034,f6,val,1
E3_H11833_TGT015_0018,f6,val,1
E3_H11833_TGT009_0001,f6,val,1
E4_TGT016_2_05,f6,val,1
E4_TGT015_2_09,f6,val,1
H11833_000069,f6,val,1
H11833_000050,f6,val,1
E4_TGT017_2_05,f6,val,1
E4_TGT004_2_08,f6,val,1
H11833_000067,f6,val,1
E4_TGT009_2_06,f6,val,1
H11833_000036,f6,val,1
H11833_000081,f6,val,1
E3_H11833_TGT007_0007,f6,val,1
E3_H11833_TGT010_0008,f6,val,1
E4_TGT002_2_01,f6,val,1
E3_H11833_TGT002_0009,f6,val,1
E4_TGT011_2_03,f6,val,1
E3_H11833_TGT003_0004,f6,val,1
E3_H11833_TGT012_0012,f6,val,1
E4_TGT006_1_04,f6,val,1
H11833_000022,f6,val,1
E4_TGT014_2_09,f6,val,1
E3_H11833_TGT004_0014,f6,val,1
E3_H11833_TGT017_0013,f6,val,1
E4_TGT002_2_04,f6,val,1
E3_H11833_TGT006_0011,f6,val,1
H11833_000020,f6,val,1
E4_TGT004_1_04,f6,val,1
E3_H11833_TGT002_0001,f6,val,1
E3_H11833_TGT016_0005,f6,val,1
E3_H11833_BG_0035,f6,val,0
H11833_000167,f6,val,0
H11833_000126,f6,val,0
E4_BG_0013,f6,val,0
E4_BG_0427,f6,val,0
E4_BG_0103,f6,val,0
E3_H11833_BG_0033,f6,val,0
E4_BG_0245,f6,val,0
E3_H11833_BG_0031,f6,val,0
H11833_000152,f6,val,0
H11833_000138,f6,val,0
E4_BG_0448,f6,val,0
E4_BG_0186,f6,val,0
E4_BG_0182,f6,val,0
E3_H11833_BG_0018,f6,val,0
E4_BG_0421,f6,val,0
H11833_000218,f6,val,0
E3_H11833_BG_0008,f6,val,0
E4_BG_0238,f6,val,0
E4_BG_0255,f6,val,0
E4_BG_0124,f6,val,0
E4_BG_0329,f6,val,0
E4_BG_0374,f6,val,0
E4_BG_0001,f6,val,0
E4_BG_0212,f6,val,0
H11833_000146,f6,val,0
E4_BG_0136,f6,val,0
H11833_000253,f6,val,0
E4_BG_0394,f6,val,0
E4_BG_0250,f6,val,0
H11833_000159,f6,val,0
E4_BG_0276,f6,val,0
H11833_000281,f6,val,0
E4_BG_0113,f6,val,0
E4_BG_0082,f6,val,0
E4_BG_0226,f6,val,0
H11833_000241,f6,val,0
E4_BG_0010,f6,val,0
E4_BG_0098,f6,val,0
E4_BG_0110,f6,val,0
H11833_000173,f6,val,0
H11833_000181,f6,val,0
E4_BG_0449,f6,val,0
E4_BG_0132,f6,val,0
E4_BG_0196,f6,val,0
H11833_000164,f6,val,0
H11833_000257,f6,val,0
E4_BG_0424,f6,val,0
E4_BG_0158,f6,val,0
E4_BG_0334,f6,val,0
E3_H11833_BG_0089,f6,val,0
E4_BG_0230,f6,val,0
E4_BG_0112,f6,val,0
H11833_000268,f6,val,0
H11833_000148,f6,val,0
H11833_000220,f6,val,0
E4_BG_0087,f6,val,0
E3_H11833_BG_0042,f6,val,0
E3_H11833_BG_0009,f6,val,0
E4_BG_0312,f6,val,0
E4_BG_0105,f6,val,0
E4_BG_0355,f6,val,0
H11833_000249,f6,val,0
E4_BG_0285,f6,val,0
E4_BG_0003,f6,val,0
H11833_000136,f6,val,0
G7_000497,g7,val,0
G7_005070,g7,val,0
G7_001672,g7,val,0
G7_001927,g7,val,0
G7_003842,g7,val,0
G7_002734,g7,val,0
G7_004346,g7,val,0
G7_001648,g7,val,0
G7_003637,g7,val,0
G7_006833,g7,val,0
G7_003809,g7,val,0
G7_005993,g7,val,0
G7_002552,g7,val,0
G7_003267,g7,val,0
G7_000491,g7,val,0
G7_006455,g7,val,0
G7_004934,g7,val,0
G7_000778,g7,val,0
G7_001228,g7,val,0
G7_002435,g7,val,0
G7_003288,g7,val,0
G7_005888,g7,val,0
G7_007187,g7,val,0
G7_005030,g7,val,0
G7_002743,g7,val,0
G7_000281,g7,val,0
G7_005099,g7,val,0
G7_000817,g7,val,0
G7_004077,g7,val,0
G7_003854,g7,val,0
G7_000860,g7,val,0
G7_004842,g7,val,0
G7_002711,g7,val,0
G7_003326,g7,val,0
G7_004761,g7,val,0
G7_006249,g7,val,0
G7_003079,g7,val,0
G7_004898,g7,val,0
G7_002375,g7,val,0
G7_006061,g7,val,0
G7_005871,g7,val,0
G7_001000,g7,val,0
G7_002755,g7,val,0
G7_007249,g7,val,0
G7_000815,g7,val,0
G7_002544,g7,val,0
G7_007081,g7,val,0
G7_004451,g7,val,0
G7_000014,g7,val,0
G7_006571,g7,val,0
G7_006556,g7,val,0
G7_007038,g7,val,0
G7_003589,g7,val,0
G7_001061,g7,val,0
G7_000546,g7,val,0
G7_005201,g7,val,0
G7_002141,g7,val,0
G7_005790,g7,val,0
G7_002333,g7,val,0
G7_002948,g7,val,0
G7_006093,g7,val,0
G7_005263,g7,val,0
G7_002086,g7,val,0
G7_004700,g7,val,0
G7_004843,g7,val,0
G7_005291,g7,val,0
G7_003741,g7,val,0
G7_001133,g7,val,0
G7_007005,g7,val,0
G7_005861,g7,val,0
G7_001226,g7,val,0
G7_002276,g7,val,0
G7_004278,g7,val,0
G7_002135,g7,val,0
G7_006622,g7,val,0
G7_002111,g7,val,0
G7_001826,g7,val,0
G7_004156,g7,val,0
G7_005311,g7,val,0
G7_006252,g7,val,0
G7_003953,g7,val,0
G7_004401,g7,val,0
G7_005875,g7,val,0
G7_002852,g7,val,0
G7_000038,g7,val,0
G7_007284,g7,val,0
G7_005019,g7,val,0
G7_005409,g7,val,0
G7_006035,g7,val,0
G7_001465,g7,val,0
G7_001493,g7,val,0
G7_005386,g7,val,0
G7_002289,g7,val,0
G7_006516,g7,val,0
G7_000424,g7,val,0
G7_002270,g7,val,0
G7_004853,g7,val,0
G7_003434,g7,val,0
G7_000695,g7,val,0
G7_001747,g7,val,0
G7_003415,g7,val,0
G7_006346,g7,val,0
G7_006659,g7,val,0
G7_003776,g7,val,0
G7_005788,g7,val,0
G7_003179,g7,val,0
G7_004353,g7,val,0
G7_001663,g7,val,0
G7_006634,g7,val,0
G7_004371,g7,val,0
G7_005451,g7,val,0
G7_001843,g7,val,0
G7_006002,g7,val,0
G7_004361,g7,val,0
G7_003606,g7,val,0
G7_002678,g7,val,0
G7_007097,g7,val,0
G7_003217,g7,val,0
G7_000001,g7,val,0
G7_001069,g7,val,0
G7_000101,g7,val,0
G7_005820,g7,val,0
G7_000436,g7,val,0
G7_004695,g7,val,0
G7_001309,g7,val,0
G7_001072,g7,val,0
G7_001020,g7,val,0
G7_000163,g7,val,0
G7_007086,g7,val,0
G7_006446,g7,val,0
G7_005645,g7,val,0
G7_005630,g7,val,0
G7_003878,g7,val,0
G7_005186,g7,val,0
G7_003717,g7,val,0
G7_001295,g7,val,0
G7_003994,g7,val,0
G7_002175,g7,val,0
G7_003716,g7,val,0
G7_004288,g7,val,0
G7_001344,g7,val,0
G7_003912,g7,val,0
G7_003308,g7,val,0
G7_002331,g7,val,0
G7_004514,g7,val,0
G7_005275,g7,val,0
G7_004240,g7,val,0
G7_001686,g7,val,0
G7_006947,g7,val,0
G7_000610,g7,val,0
G7_001902,g7,val,0
G7_001984,g7,val,0
G7_004045,g7,val,0
G7_005382,g7,val,0
G7_002703,g7,val,0
G7_001760,g7,val,0
G7_002890,g7,val,0
G7_005981,g7,val,0
G7_007283,g7,val,0
G7_000156,g7,val,0
G7_003835,g7,val,0
G7_003010,g7,val,0
G7_000335,g7,val,0
G7_001448,g7,val,0
G7_006977,g7,val,0
G7_002687,g7,val,0
G7_003121,g7,val,0
G7_005258,g7,val,0
G7_004956,g7,val,0
G7_000644,g7,val,0
G7_003899,g7,val,0
G7_004294,g7,val,0
G7_001266,g7,val,0
G7_007153,g7,val,0
G7_006876,g7,val,0
G7_002263,g7,val,0
G7_005112,g7,val,0
G7_005238,g7,val,0
G7_004243,g7,val,0
G7_004032,g7,val,0
G7_001230,g7,val,0
G7_001812,g7,val,0
G7_006150,g7,val,0
G7_005638,g7,val,0
G7_001012,g7,val,0
G7_003558,g7,val,0
G7_004788,g7,val,0
G7_003278,g7,val,0
G7_005602,g7,val,0
G7_005464,g7,val,0
G7_004136,g7,val,0
G7_002767,g7,val,0
G7_002437,g7,val,0
G7_004406,g7,val,0
G7_001697,g7,val,0
G7_006620,g7,val,0
G7_002774,g7,val,0
G7_000833,g7,val,0
G7_005075,g7,val,0
G7_001372,g7,val,0
G7_005255,g7,val,0
G7_002815,g7,val,0
G7_006933,g7,val,0
G7_006361,g7,val,0
G7_006837,g7,val,0
G7_001786,g7,val,0
G7_000147,g7,val,0
G7_001811,g7,val,0
G7_001903,g7,val,0
G7_000962,g7,val,0
G7_001787,g7,val,0
G7_006020,g7,val,0
G7_004011,g7,val,0
G7_001250,g7,val,0
G7_006696,g7,val,0
G7_006987,g7,val,0
G7_001215,g7,val,0
G7_003231,g7,val,0
G7_007155,g7,val,0
G7_003413,g7,val,0
G7_000652,g7,val,0
G7_006148,g7,val,0
G7_004493,g7,val,0
G7_007134,g7,val,0
G7_006408,g7,val,0
G7_006253,g7,val,0
G7_005104,g7,val,0
G7_005330,g7,val,0
G7_003175,g7,val,0
G7_002719,g7,val,0
G7_000896,g7,val,0
G7_005847,g7,val,0
G7_001068,g7,val,0
G7_002681,g7,val,0
G7_006775,g7,val,0
G7_005429,g7,val,0
G7_000891,g7,val,0
G7_003998,g7,val,0
G7_006122,g7,val,0
G7_001112,g7,val,0
G7_004891,g7,val,0
G7_005599,g7,val,0
G7_000032,g7,val,0
G7_007022,g7,val,0
G7_003144,g7,val,0
G7_005461,g7,val,0
G7_001352,g7,val,0
G7_000239,g7,val,0
G7_003767,g7,val,0
G7_002933,g7,val,0
G7_003750,g7,val,0
G7_000286,g7,val,0
G7_006653,g7,val,0
G7_002077,g7,val,0
G7_003864,g7,val,0
G7_004061,g7,val,0
G7_000535,g7,val,0
G7_005803,g7,val,0
G7_002072,g7,val,0
G7_005487,g7,val,0
G7_001432,g7,val,0
G7_001211,g7,val,0
G7_006531,g7,val,0
G7_001722,g7,val,0
G7_006139,g7,val,0
G7_002746,g7,val,0
G7_001239,g7,val,0
G7_000442,g7,val,0
G7_001572,g7,val,0
G7_000862,g7,val,0
G7_005184,g7,val,0
G7_000960,g7,val,0
G7_001741,g7,val,0
G7_005959,g7,val,0
G7_005401,g7,val,0
G7_005222,g7,val,0
G7_006218,g7,val,0
G7_003069,g7,val,0
G7_000522,g7,val,0
G7_004991,g7,val,0
G7_005574,g7,val,0
G7_004952,g7,val,0
G7_002094,g7,val,0
G7_000444,g7,val,0
G7_005597,g7,val,0
G7_000634,g7,val,0
G7_004169,g7,val,0
G7_002521,g7,val,0
G7_002816,g7,val,0
G7_003771,g7,val,0
G7_000604,g7,val,0
G7_001688,g7,val,0
G7_000932,g7,val,0
G7_000550,g7,val,0
G7_001081,g7,val,0
G7_000347,g7,val,0
G7_005084,g7,val,0
G7_005791,g7,val,0
G7_002483,g7,val,0
G7_002850,g7,val,0
